termName,termDescription
GDP,한 나라 안에서 일정 기간 동안 생산된 모든 최종 재화와 서비스의 시장 가치의 합계를 의미합니다.
GNP,"국민총생산으로, 한 나라의 국민이 국내외에서 생산한 모든 최종 재화와 서비스의 시장 가치를 나타냅니다."
인플레이션,"물가가 지속적으로 상승하는 현상으로, 화폐 가치의 하락을 의미합니다."
디플레이션,"물가가 지속적으로 하락하는 현상으로, 경제 활동 위축을 초래할 수 있습니다."
스태그플레이션,경기 침체와 물가 상승이 동시에 발생하는 경제 현상입니다.
기준금리,"중앙은행이 금융기관에 자금을 대출할 때 적용하는 기본 금리로, 시중 금리의 기준이 됩니다."
콜금리,금융기관끼리 남거나 모자라는 자금을 30일 이내의 초단기로 빌려주고 받을 때 적용되는 금리입니다.
양적완화,중앙은행이 국채 등을 매입하여 시중에 통화량을 늘리는 통화정책입니다.
긴축정책,통화량을 줄이거나 금리를 인상하여 경기 과열을 억제하는 정책입니다.
경기순환,"경제 활동이 호황, 후퇴, 불황, 회복의 단계를 주기적으로 반복하는 현상입니다."
실업률,경제활동인구 중 일할 의사와 능력이 있으나 일자리를 구하지 못한 사람의 비율입니다.
경상수지,"국가 간 재화와 서비스 거래, 소득 및 경상이전 거래의 수지를 나타냅니다."
무역수지,"수출액에서 수입액을 뺀 값으로, 국제 무역의 수익성을 나타냅니다."
자본수지,"국가 간 자본의 유출입을 기록한 수지로, 직접투자, 증권투자 등이 포함됩니다."
외환보유액,정부나 중앙은행이 보유한 외국 통화와 금 등의 자산 총액입니다.
환율,"두 국가의 통화 교환 비율로, 한 나라 화폐의 상대적 가치를 나타냅니다."
통화정책,중앙은행이 통화량과 금리를 조절하여 물가 안정과 경제 성장을 도모하는 정책입니다.
재정정책,정부가 세입과 세출을 조절하여 경제를 안정시키고 성장을 촉진하는 정책입니다.
소비자물가지수,일반 소비자가 구입하는 상품과 서비스의 가격 변동을 측정한 지수입니다.
생산자물가지수,생산자가 판매하는 상품과 서비스의 가격 변동을 측정한 지수입니다.
구매력평가,"각국의 물가 수준을 고려하여 환율을 조정한 지표로, 실질적인 구매력을 비교합니다."
경제성장률,"일정 기간 동안 GDP가 증가한 비율로, 경제의 성장 속도를 나타냅니다."
잠재성장률,한 국가 경제가 보유한 생산요소를 완전히 활용했을 때 달성 가능한 최대 성장률입니다.
필립스곡선,실업률과 인플레이션율 간의 역관계를 나타내는 경제학 이론입니다.
총수요,경제 내에서 모든 경제 주체가 구매하고자 하는 재화와 서비스의 총량입니다.
총공급,경제 내에서 기업들이 생산하여 공급할 수 있는 재화와 서비스의 총량입니다.
승수효과,정부 지출이나 투자가 증가할 때 국민소득이 그 이상으로 증가하는 현상입니다.
한계소비성향,소득이 증가할 때 추가 소득 중에서 소비에 사용되는 비율입니다.
한계저축성향,소득이 증가할 때 추가 소득 중에서 저축에 사용되는 비율입니다.
국민부담률,조세와 사회보장기여금이 국민소득에서 차지하는 비율입니다.
재정적자,"정부의 세입이 세출보다 적어 발생하는 적자로, 국채 발행으로 보전됩니다."
국가채무,정부가 발행한 국채와 차입금을 합한 총 부채입니다.
통화승수,중앙은행이 공급한 본원통화가 은행 시스템을 통해 확대되는 배율입니다.
지급준비율,은행이 예금에 대해 의무적으로 중앙은행에 보관해야 하는 자금의 비율입니다.
테일러준칙,인플레이션과 실질GDP 갭을 고려하여 적정 기준금리를 산출하는 통화정책 규칙입니다.
오쿤의법칙,실업률이 1% 증가하면 실질GDP가 약 2% 감소한다는 경험적 법칙입니다.
리카도의대등정리,정부가 조세나 국채로 재정을 조달하는 것이 경제적 효과가 동일하다는 이론입니다.
크라우딩아웃효과,정부 지출 증가로 민간 투자가 감소하는 현상입니다.
수출주도성장,수출 증가를 경제 성장의 주요 동력으로 삼는 경제 발전 전략입니다.
수입대체산업화,수입품을 국내에서 생산하여 대체함으로써 산업화를 추진하는 전략입니다.
PER,"주가수익비율로, 주가를 주당순이익으로 나눈 값이며 주식의 상대적 가치를 평가하는 지표입니다."
PBR,"주가순자산비율로, 주가를 주당순자산으로 나눈 값이며 자산 가치 대비 주가 수준을 나타냅니다."
ROE,"자기자본이익률로, 당기순이익을 자기자본으로 나눈 비율이며 기업의 수익성을 나타냅니다."
ROA,"총자산이익률로, 당기순이익을 총자산으로 나눈 비율이며 자산 활용 효율성을 나타냅니다."
EPS,"주당순이익으로, 당기순이익을 발행주식수로 나눈 값이며 기업의 수익성을 나타냅니다."
BPS,"주당순자산으로, 순자산을 발행주식수로 나눈 값이며 주식의 실질 가치를 나타냅니다."
배당수익률,"주가 대비 배당금의 비율로, 주식 투자로 얻는 현금 수익률을 나타냅니다."
배당성향,"당기순이익 중 배당금으로 지급되는 비율로, 기업의 배당 정책을 나타냅니다."
시가총액,"발행 주식수에 주가를 곱한 값으로, 기업의 시장 가치를 나타냅니다."
유통주식수,"실제로 시장에서 거래 가능한 주식의 수로, 대주주 보유 주식 등을 제외한 주식수입니다."
액면가,"주식에 표시된 명목상의 가격으로, 발행 당시 정해진 기준 가격입니다."
공매도,보유하지 않은 주식을 빌려서 먼저 팔고 나중에 되사는 투자 기법입니다.
가치투자,기업의 내재 가치보다 주가가 저평가되었을 때 매수하여 장기 보유하는 투자 전략입니다.
성장주투자,높은 성장 잠재력을 가진 기업에 투자하여 주가 상승을 기대하는 전략입니다.
배당주투자,안정적인 배당 수익을 목적으로 배당 성향이 높은 기업에 투자하는 전략입니다.
모멘텀투자,주가 상승세가 지속될 것으로 예상되는 종목에 투자하는 전략입니다.
역발상투자,시장의 일반적인 기대와 반대로 투자하여 수익을 추구하는 전략입니다.
분산투자,여러 종목이나 자산에 투자하여 위험을 분산하는 투자 전략입니다.
포트폴리오,"투자자가 보유한 다양한 자산의 조합으로, 위험과 수익을 고려하여 구성됩니다."
리밸런싱,포트폴리오의 자산 배분 비율을 목표 비율로 재조정하는 행위입니다.
알파,"시장 평균 수익률을 초과하는 초과 수익률로, 운용 능력을 나타냅니다."
베타,주식이 시장 전체의 움직임에 반응하는 정도를 나타내는 지표입니다.
샤프비율,"위험 대비 초과 수익률을 측정하는 지표로, 투자 효율성을 평가합니다."
변동성,"주가나 수익률이 변동하는 정도로, 투자 위험을 나타냅니다."
52주최고가,최근 1년간 해당 주식이 기록한 가장 높은 가격입니다.
52주최저가,최근 1년간 해당 주식이 기록한 가장 낮은 가격입니다.
호가,매수자가 제시하는 구매 희망 가격 또는 매도자가 제시하는 판매 희망 가격입니다.
체결,매수 호가와 매도 호가가 일치하여 거래가 성사되는 것입니다.
미체결,호가가 제시되었으나 아직 거래가 성사되지 않은 상태입니다.
스프레드,매수 호가와 매도 호가 간의 가격 차이를 의미합니다.
상한가,"하루 동안 주가가 오를 수 있는 최대 한도로, 전일 종가 대비 30% 상승입니다."
하한가,"하루 동안 주가가 내릴 수 있는 최대 한도로, 전일 종가 대비 30% 하락입니다."
거래량,일정 기간 동안 거래된 주식의 총 수량입니다.
거래대금,일정 기간 동안 거래된 주식의 총 금액입니다.
외국인지분율,전체 발행 주식 중 외국인이 보유한 주식의 비율입니다.
기관순매수,기관투자자가 매수한 금액에서 매도한 금액을 뺀 순매수 금액입니다.
개인순매수,개인투자자가 매수한 금액에서 매도한 금액을 뺀 순매수 금액입니다.
프로그램매매,컴퓨터 프로그램을 이용하여 자동으로 주식을 매매하는 방식입니다.
차익거래,동일하거나 유사한 자산의 가격 차이를 이용하여 무위험 수익을 추구하는 거래입니다.
비차익거래,"차익거래가 아닌 프로그램매매로, 주로 시장 방향성에 베팅하는 거래입니다."
증자,기업이 신주를 발행하여 자본금을 늘리는 행위입니다.
감자,기업이 발행 주식수를 줄여 자본금을 감소시키는 행위입니다.
주식분할,1주를 여러 주로 나누어 주가를 낮추고 유동성을 높이는 조치입니다.
주식병합,여러 주를 1주로 합쳐 주가를 높이는 조치입니다.
액면분할,액면가를 낮추고 주식수를 늘려 거래를 활성화하는 조치입니다.
우선주,보통주보다 배당이나 잔여재산 분배에서 우선권이 있는 주식입니다.
보통주,의결권을 가지며 일반적으로 거래되는 주식입니다.
전환사채,일정 조건 하에 주식으로 전환할 수 있는 권리가 부여된 채권입니다.
신주인수권부사채,사채 소유자에게 신주를 인수할 수 있는 권리를 부여한 채권입니다.
유상증자,기존 주주나 제3자에게 대금을 받고 신주를 발행하는 증자 방식입니다.
무상증자,기존 주주에게 무상으로 신주를 배정하는 증자 방식입니다.
액면배당,액면가를 기준으로 배당금을 결정하는 방식입니다.
현금배당,이익을 현금으로 주주에게 분배하는 배당 방식입니다.
주식배당,이익을 신주로 발행하여 주주에게 분배하는 배당 방식입니다.
중간배당,결산기 중간에 이익의 일부를 배당으로 지급하는 것입니다.
특별배당,특별한 이익 발생 시 정기 배당 외에 추가로 지급하는 배당입니다.
배당락,"배당을 받을 권리가 소멸되는 날로, 보통 주가가 하락합니다."
권리락,"유상증자 등의 권리가 소멸되는 날로, 이론적으로 주가가 하락합니다."
액면배당률,액면가 대비 배당금의 비율입니다.
현금배당수익률,주가 대비 현금배당금의 비율입니다.
시세차익,주식을 매수한 가격보다 높은 가격에 매도하여 얻는 이익입니다.
평가손익,"보유 중인 주식의 현재 가치와 매수 가격의 차이로, 아직 실현되지 않은 손익입니다."
실현손익,주식을 실제로 매도하여 확정된 손익입니다.
손익분기점,"투자 원금을 회수하는 지점으로, 이익도 손실도 없는 상태입니다."
손절매,손실을 더 키우지 않기 위해 손해를 보면서 보유 자산을 매도하는 것입니다.
익절매,일정 수익이 발생했을 때 이익을 확정하기 위해 보유 자산을 매도하는 것입니다.
물타기,주가가 하락했을 때 평균 매수 단가를 낮추기 위해 추가 매수하는 행위입니다.
불타기,주가가 상승했을 때 추가 매수하여 수익을 극대화하려는 행위입니다.
매집,특정 세력이 주식을 대량으로 사들이는 행위입니다.
작전주,특정 세력이 인위적으로 주가를 조작하는 종목입니다.
테마주,특정 이슈나 테마에 관련된 종목들입니다.
동학개미운동,2020년 코로나19 당시 개인투자자들이 대거 주식시장에 참여한 현상입니다.
서학개미,미국 주식시장에 투자하는 한국 개인투자자를 일컫는 말입니다.
슈퍼개미,수십억 원 이상의 자산으로 주식 투자를 하는 개인투자자입니다.
개미,소액 개인투자자를 일컫는 말입니다.
세력,대량의 자금으로 시장에 영향을 미치는 투자 주체입니다.
작전,주가를 인위적으로 조작하는 불법 행위입니다.
급등주,단기간에 주가가 급격히 상승한 종목입니다.
급락주,단기간에 주가가 급격히 하락한 종목입니다.
저평가주,기업의 실적이나 자산 가치에 비해 주가가 낮게 형성된 종목입니다.
고평가주,기업의 실적이나 자산 가치에 비해 주가가 높게 형성된 종목입니다.
재무제표,기업의 재무 상태와 경영 성과를 나타내는 회계 보고서의 총칭입니다.
재무상태표,"특정 시점의 기업 자산, 부채, 자본을 보여주는 재무제표입니다."
손익계산서,일정 기간 동안의 수익과 비용을 집계하여 경영 성과를 나타내는 재무제표입니다.
현금흐름표,일정 기간 동안 현금의 유입과 유출을 나타내는 재무제표입니다.
자본변동표,일정 기간 동안 자본의 증감 내역을 나타내는 재무제표입니다.
주석,재무제표에 대한 추가 설명과 상세 정보를 제공하는 부분입니다.
자산,기업이 소유하고 있으며 미래에 경제적 효익을 가져다줄 것으로 예상되는 자원입니다.
부채,과거 거래로 인해 미래에 자산을 이전하거나 용역을 제공해야 할 의무입니다.
자본,"자산에서 부채를 뺀 순자산으로, 주주의 몫을 나타냅니다."
유동자산,1년 이내에 현금화할 수 있거나 소비될 자산입니다.
비유동자산,1년 이상 장기간 보유하며 사용되는 자산입니다.
유동부채,1년 이내에 상환해야 하는 단기 부채입니다.
비유동부채,1년 이후에 상환하는 장기 부채입니다.
매출액,기업이 상품이나 서비스를 판매하여 얻은 총 수익입니다.
매출원가,판매된 상품이나 서비스를 생산하는 데 직접 소요된 비용입니다.
매출총이익,"매출액에서 매출원가를 뺀 이익으로, 기본적인 수익성을 나타냅니다."
판매비와관리비,상품 판매와 기업 관리에 소요되는 비용입니다.
영업이익,매출총이익에서 판매비와 관리비를 뺀 본업에서의 이익입니다.
영업외수익,본업 외의 활동에서 발생한 수익입니다.
영업외비용,본업 외의 활동에서 발생한 비용입니다.
법인세비용차감전순이익,영업이익에 영업외손익을 더한 후 법인세를 내기 전의 이익입니다.
법인세비용,기업이 납부해야 할 법인세 금액입니다.
당기순이익,법인세를 제외한 후 최종적으로 기업에 남은 순이익입니다.
포괄손익,당기순이익에 기타포괄손익을 더한 총 이익입니다.
기타포괄손익,손익계산서에 포함되지 않고 자본에 직접 반영되는 손익입니다.
EBITDA,"이자, 세금, 감가상각비 차감 전 이익으로, 기업의 현금 창출 능력을 나타냅니다."
EBIT,"이자와 세금 차감 전 이익으로, 영업이익과 유사한 개념입니다."
감가상각,유형자산의 가치가 시간이 지남에 따라 감소하는 것을 비용으로 인식하는 회계 처리입니다.
무형자산상각,무형자산의 가치 감소를 비용으로 인식하는 회계 처리입니다.
대손상각,회수 불가능한 채권을 비용으로 처리하는 회계 절차입니다.
재고자산,"판매를 목적으로 보유하고 있는 상품, 제품, 원재료 등의 자산입니다."
매출채권,상품이나 서비스를 외상으로 판매하고 받을 금액입니다.
매입채무,상품이나 서비스를 외상으로 구입하고 지급해야 할 금액입니다.
선급금,상품이나 서비스를 받기 전에 미리 지급한 금액입니다.
선수금,상품이나 서비스를 제공하기 전에 미리 받은 금액입니다.
미수금,주된 영업활동 외의 거래에서 받을 금액입니다.
미지급금,주된 영업활동 외의 거래에서 지급해야 할 금액입니다.
현금및현금성자산,현금과 즉시 현금화할 수 있는 유동성이 높은 자산입니다.
단기금융상품,"만기가 1년 이내인 예금, 적금 등의 금융상품입니다."
장기금융상품,"만기가 1년을 초과하는 예금, 적금 등의 금융상품입니다."
유형자산,"물리적 형태가 있는 자산으로, 토지, 건물, 기계장치 등이 포함됩니다."
무형자산,"물리적 형태가 없는 자산으로, 특허권, 상표권, 영업권 등이 포함됩니다."
투자자산,단기 매매 목적이 아닌 장기 보유 목적의 투자입니다.
영업권,"기업 인수 시 순자산 공정가치를 초과하여 지급한 금액으로, 무형의 초과 가치를 나타냅니다."
자본금,"주주가 출자한 금액으로, 기업 설립의 기초가 되는 자본입니다."
자본잉여금,주식 발행 시 액면가를 초과하여 받은 금액 등 자본거래에서 발생한 잉여금입니다.
이익잉여금,기업이 영업활동을 통해 벌어들인 이익 중 배당하지 않고 누적한 금액입니다.
자기주식,기업이 자사의 주식을 매입하여 보유하고 있는 주식입니다.
부채비율,"총부채를 자기자본으로 나눈 비율로, 재무 건전성을 나타냅니다."
유동비율,"유동자산을 유동부채로 나눈 비율로, 단기 지급 능력을 나타냅니다."
당좌비율,"당좌자산을 유동부채로 나눈 비율로, 즉시 지급 가능한 능력을 나타냅니다."
이자보상배율,"영업이익을 이자비용으로 나눈 비율로, 이자 지급 능력을 나타냅니다."
매출채권회전율,"매출액을 평균 매출채권으로 나눈 비율로, 채권 회수 효율성을 나타냅니다."
재고자산회전율,"매출원가를 평균 재고자산으로 나눈 비율로, 재고 관리 효율성을 나타냅니다."
총자산회전율,"매출액을 평균 총자산으로 나눈 비율로, 자산 활용 효율성을 나타냅니다."
자기자본회전율,"매출액을 평균 자기자본으로 나눈 비율로, 자본 활용 효율성을 나타냅니다."
매출총이익률,"매출총이익을 매출액으로 나눈 비율로, 기본적인 수익성을 나타냅니다."
영업이익률,"영업이익을 매출액으로 나눈 비율로, 본업의 수익성을 나타냅니다."
순이익률,"당기순이익을 매출액으로 나눈 비율로, 최종 수익성을 나타냅니다."
자산수익률,"당기순이익을 평균 총자산으로 나눈 비율로, 자산 대비 수익성을 나타냅니다."
자기자본수익률,"당기순이익을 평균 자기자본으로 나눈 비율로, 주주 자본 대비 수익성을 나타냅니다."
영업활동현금흐름,영업활동으로 인한 현금의 유입과 유출을 나타냅니다.
투자활동현금흐름,투자활동으로 인한 현금의 유입과 유출을 나타냅니다.
재무활동현금흐름,재무활동으로 인한 현금의 유입과 유출을 나타냅니다.
잉여현금흐름,"영업활동현금흐름에서 자본적지출을 뺀 금액으로, 자유롭게 사용 가능한 현금입니다."
자본적지출,장기 사용 목적의 자산 취득에 지출되는 비용입니다.
운전자본,"유동자산에서 유동부채를 뺀 금액으로, 일상적 영업활동에 필요한 자금입니다."
순운전자본,운전자본에서 현금및현금성자산을 뺀 금액입니다.
현금순환주기,현금이 재고와 매출채권을 거쳐 다시 현금으로 돌아오는 데 걸리는 시간입니다.
발생액,현금 유입 없이 회계상으로만 인식된 수익 또는 비용입니다.
비현금비용,"현금 유출 없이 비용으로 인식되는 항목으로, 감가상각비 등이 포함됩니다."
이연법인세자산,미래에 세금 절감 효과를 가져올 것으로 예상되는 자산입니다.
이연법인세부채,미래에 추가 세금을 납부해야 할 것으로 예상되는 부채입니다.
충당부채,발생 시기나 금액이 불확실하지만 예상되는 부채를 미리 인식한 것입니다.
우발부채,미래 사건의 발생 여부에 따라 부채가 될 수 있는 잠재적 의무입니다.
파생상품자산,파생상품 거래에서 유리한 포지션을 보유하여 발생한 자산입니다.
파생상품부채,파생상품 거래에서 불리한 포지션을 보유하여 발생한 부채입니다.
공정가치,합리적인 판단력과 거래 의사가 있는 독립된 당사자 간의 거래에서 자산이 교환될 수 있는 가격입니다.
장부가액,재무제표에 기록된 자산이나 부채의 가액입니다.
취득원가,자산을 취득하는 데 지출한 모든 비용의 합계입니다.
손상차손,자산의 장부가액이 회수 가능액보다 클 때 그 차액을 비용으로 인식하는 것입니다.
자산재평가,자산의 장부가액을 공정가치로 재조정하는 회계 처리입니다.
환산손익,외화 자산이나 부채를 원화로 환산할 때 발생하는 손익입니다.
지분법손익,관계기업이나 공동기업에 대한 투자에서 발생하는 손익입니다.
관계기업,투자기업이 유의적인 영향력을 행사할 수 있는 피투자기업입니다.
종속기업,지배기업이 지배력을 행사하는 기업입니다.
연결재무제표,지배기업과 종속기업을 하나의 실체로 보고 작성한 재무제표입니다.
별도재무제표,종속기업에 대한 투자를 원가법이나 지분법으로 회계처리한 개별 재무제표입니다.
내부거래제거,연결재무제표 작성 시 그룹 내 거래를 제거하는 절차입니다.
비지배지분,종속기업의 자본 중 지배기업이 소유하지 않은 부분입니다.
영업권손상,인수 시 인식한 영업권의 가치가 감소하여 비용으로 인식하는 것입니다.
핀테크,"금융(Finance)과 기술(Technology)을 결합한 용어로, 기술을 활용한 금융 서비스 혁신을 의미합니다."
블록체인,거래 정보를 블록 단위로 저장하고 체인 형태로 연결한 분산원장 기술입니다.
비트코인,"최초의 암호화폐로, 블록체인 기술을 기반으로 한 탈중앙화 디지털 화폐입니다."
이더리움,스마트 계약 기능을 갖춘 블록체인 플랫폼이자 암호화폐입니다.
암호화폐,암호화 기술을 이용하여 생성되고 거래되는 디지털 화폐입니다.
가상자산,"전자적으로 거래되거나 이전될 수 있는 경제적 가치로, 암호화폐를 포함합니다."
스마트계약,계약 조건을 코드로 작성하여 자동으로 실행되는 블록체인 기반 계약입니다.
NFT,"대체 불가능한 토큰으로, 블록체인에 저장되는 고유한 디지털 자산입니다."
DeFi,"탈중앙화 금융으로, 중개자 없이 블록체인에서 작동하는 금융 서비스입니다."
DAO,"탈중앙화 자율조직으로, 스마트 계약에 의해 운영되는 조직입니다."
메타버스,가상세계와 현실이 융합된 3차원 디지털 공간입니다.
CBDC,"중앙은행 디지털화폐로, 중앙은행이 발행하는 법정 디지털 화폐입니다."
스테이블코인,가치 변동성을 줄이기 위해 법정화폐나 실물자산에 연동된 암호화폐입니다.
알트코인,비트코인 이외의 모든 암호화폐를 통칭하는 말입니다.
채굴,암호화폐 거래를 검증하고 새로운 코인을 생성하는 과정입니다.
마이닝,"채굴을 영어로 표현한 것으로, 컴퓨팅 파워를 제공하여 암호화폐를 획득하는 행위입니다."
스테이킹,암호화폐를 일정 기간 보유하며 네트워크에 기여하여 보상을 받는 방식입니다.
웹3,"탈중앙화된 인터넷 환경으로, 블록체인 기술을 기반으로 합니다."
지갑,암호화폐를 보관하고 거래할 수 있는 디지털 지갑입니다.
콜드월렛,인터넷에 연결되지 않은 오프라인 암호화폐 지갑입니다.
핫월렛,인터넷에 연결된 온라인 암호화폐 지갑입니다.
거래소,암호화폐를 사고팔 수 있는 플랫폼입니다.
토큰,"블록체인 상에서 발행되는 디지털 자산으로, 다양한 용도로 사용됩니다."
ICO,"암호화폐 공개로, 프로젝트가 토큰을 발행하여 자금을 조달하는 방식입니다."
IEO,거래소가 검증 후 진행하는 토큰 공개 방식입니다.
에어드롭,마케팅 목적으로 무료로 토큰을 배포하는 행위입니다.
가스비,이더리움 네트워크에서 거래를 처리하는 데 필요한 수수료입니다.
프라이빗키,암호화폐 지갑에 접근하기 위한 비밀 키입니다.
퍼블릭키,거래 주소를 생성하는 공개 키입니다.
지갑주소,암호화폐를 송수신할 수 있는 고유 식별자입니다.
해시,데이터를 고정된 길이의 암호화된 문자열로 변환하는 함수의 결과값입니다.
해시레이트,채굴에 사용되는 컴퓨팅 파워의 양을 나타내는 지표입니다.
컨센서스,블록체인 네트워크에서 거래를 검증하고 합의하는 방식입니다.
작업증명,채굴자가 복잡한 수학 문제를 풀어 거래를 검증하는 합의 알고리즘입니다.
지분증명,보유한 암호화폐의 양에 따라 거래를 검증하는 합의 알고리즘입니다.
하드포크,블록체인의 규칙을 변경하여 기존 체인과 분리되는 업그레이드입니다.
소프트포크,이전 버전과 호환되는 블록체인 업그레이드입니다.
레이어2,블록체인 확장성을 높이기 위해 메인 체인 위에 구축된 2차 레이어입니다.
사이드체인,메인 블록체인과 독립적으로 작동하면서 연결된 별도의 블록체인입니다.
크로스체인,서로 다른 블록체인 간의 자산 이전이나 정보 교환을 가능하게 하는 기술입니다.
디앱,"탈중앙화 애플리케이션으로, 블록체인에서 작동하는 앱입니다."
오라클,블록체인이 외부 데이터를 활용할 수 있도록 연결하는 서비스입니다.
유동성풀,DeFi에서 자산을 예치하여 유동성을 제공하는 저장소입니다.
자동마켓메이커,알고리즘을 통해 자동으로 가격을 결정하고 거래를 체결하는 시스템입니다.
이자농사,DeFi 프로토콜에 자산을 예치하여 이자 수익을 얻는 전략입니다.
유동성채굴,유동성 풀에 자산을 예치하여 토큰 보상을 받는 행위입니다.
P2P금융,"개인 간 직접 자금을 거래하는 금융 서비스로, 중개 기관을 거치지 않습니다."
크라우드펀딩,다수의 개인으로부터 소액을 모아 자금을 조달하는 방식입니다.
로보어드바이저,알고리즘과 AI를 활용하여 자산 관리와 투자 조언을 제공하는 서비스입니다.
마이데이터,개인이 본인의 데이터에 대한 통제권을 가지고 활용할 수 있는 서비스입니다.
오픈뱅킹,은행 간 계좌 정보와 거래 내역을 통합하여 조회하고 이체할 수 있는 서비스입니다.
오픈API,"금융기관이 외부 개발자에게 개방한 API로, 다양한 금융 서비스 개발을 가능하게 합니다."
간편결제,카드나 계좌 정보를 미리 등록하여 간편하게 결제할 수 있는 서비스입니다.
간편송금,복잡한 계좌번호 없이 전화번호 등으로 송금할 수 있는 서비스입니다.
QR코드결제,QR 코드를 스캔하여 결제하는 방식입니다.
NFC결제,근거리 무선통신을 이용한 비접촉 결제 방식입니다.
생체인증,"지문, 얼굴, 홍채 등 생체 정보를 이용한 본인 인증 방식입니다."
OTP,"일회용 비밀번호로, 매번 다른 인증번호를 생성하여 보안을 강화하는 기술입니다."
공인인증서,전자 거래 시 본인임을 인증하는 전자적 정보입니다.
공동인증서,"공인인증서를 개편한 것으로, 민간과 공공에서 함께 사용하는 인증서입니다."
금융보안카드,금융 거래 시 추가 인증에 사용되는 일회용 비밀번호 카드입니다.
빅데이터,"방대한 양의 데이터를 수집, 분석하여 유의미한 정보를 추출하는 기술입니다."
인공지능,인간의 학습능력과 추론능력을 컴퓨터로 구현한 기술입니다.
머신러닝,데이터를 기반으로 컴퓨터가 스스로 학습하여 성능을 개선하는 AI 기술입니다.
딥러닝,인공신경망을 여러 층으로 쌓아 복잡한 패턴을 학습하는 머신러닝 기법입니다.
챗봇,자동으로 대화하여 고객 응대나 정보 제공을 하는 AI 프로그램입니다.
RPA,"로봇 프로세스 자동화로, 반복적인 업무를 소프트웨어 로봇이 수행하는 기술입니다."
클라우드컴퓨팅,인터넷을 통해 IT 자원을 서비스로 제공하는 컴퓨팅 방식입니다.
API,응용 프로그램 간 데이터를 주고받을 수 있게 하는 인터페이스입니다.
샌드박스,혁신적인 금융 서비스를 제한된 범위에서 시험 운영할 수 있도록 규제를 유예하는 제도입니다.
레그테크,"규제(Regulation)와 기술(Technology)의 합성어로, 규제 준수를 위한 기술을 의미합니다."
인슈어테크,"보험(Insurance)과 기술(Technology)의 합성어로, 기술을 활용한 보험 서비스 혁신을 의미합니다."
리테일테크,소매업에 기술을 접목하여 고객 경험을 향상시키는 서비스입니다.
프롭테크,"부동산(Property)과 기술(Technology)의 합성어로, 부동산 분야의 기술 혁신을 의미합니다."
카카오페이,카카오가 제공하는 간편결제 및 금융 서비스 플랫폼입니다.
네이버페이,네이버가 제공하는 간편결제 및 금융 서비스 플랫폼입니다.
토스,비바리퍼블리카가 제공하는 금융 슈퍼앱입니다.
파생상품,기초자산의 가격 변동에 따라 가치가 결정되는 금융상품입니다.
선물,미래 특정 시점에 특정 가격으로 자산을 사고팔기로 약속하는 계약입니다.
옵션,미래에 특정 가격으로 자산을 사거나 팔 수 있는 권리를 부여하는 계약입니다.
스왑,두 당사자가 서로 다른 현금흐름이나 자산을 교환하기로 약정하는 계약입니다.
콜옵션,기초자산을 미리 정한 가격에 살 수 있는 권리입니다.
풋옵션,기초자산을 미리 정한 가격에 팔 수 있는 권리입니다.
행사가격,옵션 계약에서 기초자산을 사거나 팔 수 있는 미리 정해진 가격입니다.
만기일,파생상품 계약이 종료되는 날짜입니다.
프리미엄,옵션 매수자가 매도자에게 지급하는 옵션 가격입니다.
내재가치,옵션을 즉시 행사했을 때 얻을 수 있는 이익입니다.
시간가치,"옵션 프리미엄에서 내재가치를 뺀 값으로, 만기까지 남은 시간에 따른 가치입니다."
헤지,가격 변동 위험을 줄이기 위해 파생상품을 이용하는 전략입니다.
레버리지,적은 자본으로 큰 규모의 투자를 하여 수익률을 증폭시키는 효과입니다.
증거금,파생상품 거래 시 손실 보전을 위해 예치하는 자금입니다.
위탁증거금,거래를 시작할 때 납부하는 최초 증거금입니다.
유지증거금,포지션을 유지하기 위해 필요한 최소 증거금입니다.
추가증거금,손실로 인해 증거금이 부족할 때 추가로 납부해야 하는 금액입니다.
마진콜,증거금이 유지증거금 수준 이하로 떨어졌을 때 추가 증거금을 요구하는 것입니다.
반대매매,증거금을 추가로 납부하지 않으면 증권사가 강제로 포지션을 청산하는 것입니다.
롤오버,만기가 다가온 선물 계약을 다음 월물로 이전하는 행위입니다.
베이시스,현물 가격과 선물 가격의 차이입니다.
백워데이션,선물 가격이 현물 가격보다 낮은 상태입니다.
콘탱고,선물 가격이 현물 가격보다 높은 상태입니다.
델타,기초자산 가격 변화에 대한 옵션 가격의 변화율입니다.
감마,기초자산 가격 변화에 대한 델타의 변화율입니다.
세타,시간 경과에 따른 옵션 가격의 변화율입니다.
베가,변동성 변화에 대한 옵션 가격의 변화율입니다.
로,금리 변화에 대한 옵션 가격의 변화율입니다.
임플라이드볼래틸리티,옵션 가격에 내재된 미래 변동성에 대한 시장의 기대치입니다.
히스토리컬볼래틸리티,과거 가격 변동을 바탕으로 계산한 실제 변동성입니다.
블랙숄즈모형,옵션의 이론 가격을 계산하는 대표적인 수학 모형입니다.
이항모형,"옵션 가격을 계산하는 모형으로, 자산 가격이 상승 또는 하락한다고 가정합니다."
스트래들,동일한 행사가격의 콜옵션과 풋옵션을 동시에 매수하는 전략입니다.
스트랭글,다른 행사가격의 콜옵션과 풋옵션을 동시에 매수하는 전략입니다.
커버드콜,보유 주식에 대해 콜옵션을 매도하여 프리미엄 수익을 얻는 전략입니다.
프로텍티브풋,보유 주식의 하락 위험을 막기 위해 풋옵션을 매수하는 전략입니다.
버터플라이스프레드,3개의 서로 다른 행사가격 옵션을 조합한 전략입니다.
콘도르스프레드,4개의 서로 다른 행사가격 옵션을 조합한 전략입니다.
수직스프레드,만기는 같고 행사가격이 다른 옵션을 조합한 전략입니다.
수평스프레드,행사가격은 같고 만기가 다른 옵션을 조합한 전략입니다.
대각스프레드,행사가격과 만기가 모두 다른 옵션을 조합한 전략입니다.
금리스왑,고정금리와 변동금리를 교환하는 스왑 계약입니다.
통화스왑,서로 다른 통화의 원금과 이자를 교환하는 계약입니다.
신용부도스왑,채무불이행 위험을 거래하는 파생상품입니다.
선도계약,미래 특정 시점에 미리 정한 가격으로 자산을 거래하기로 약정하는 계약입니다.
장외파생상품,거래소를 거치지 않고 당사자 간 직접 거래되는 파생상품입니다.
장내파생상품,거래소에서 표준화된 계약으로 거래되는 파생상품입니다.
차익거래,동일하거나 유사한 자산의 가격 차이를 이용하여 무위험 수익을 추구하는 거래입니다.
헤지펀드,다양한 투자 전략과 파생상품을 활용하여 절대 수익을 추구하는 펀드입니다.
알고리즘트레이딩,컴퓨터 알고리즘을 이용하여 자동으로 주문을 내고 거래하는 방식입니다.
고빈도거래,초단위로 대량의 주문을 내고 미세한 가격 차이를 이용하는 거래 기법입니다.
공매도,보유하지 않은 주식을 빌려서 먼저 팔고 나중에 되사는 투자 기법입니다.
합성포지션,여러 파생상품을 조합하여 다른 자산과 동일한 손익 구조를 만드는 것입니다.
바이너리옵션,만기 시 사전에 정해진 금액을 지급하거나 아무것도 받지 못하는 옵션입니다.
배리어옵션,기초자산 가격이 특정 수준에 도달하면 행사되거나 소멸되는 옵션입니다.
아시안옵션,행사가격이 만기 전 일정 기간의 평균 가격으로 결정되는 옵션입니다.
룩백옵션,만기 전 가장 유리한 가격으로 행사할 수 있는 옵션입니다.
디지털옵션,기초자산 가격이 특정 조건을 만족하면 고정 금액을 지급하는 옵션입니다.
녹인옵션,기초자산 가격이 특정 수준에 도달하면 행사 가능해지는 옵션입니다.
녹아웃옵션,기초자산 가격이 특정 수준에 도달하면 소멸되는 옵션입니다.
변동성거래,변동성의 변화에 베팅하는 거래 전략입니다.
캘린더스프레드,만기가 다른 옵션을 조합하여 시간 가치 변화를 이용하는 전략입니다.
레이쇼스프레드,서로 다른 수량의 옵션을 조합한 전략입니다.
박스스프레드,콜과 풋 스프레드를 결합한 무위험 차익거래 전략입니다.
컨버전,"현물 매수와 콜 매도, 풋 매수를 결합한 차익거래입니다."
리버설,"현물 매도와 콜 매수, 풋 매도를 결합한 차익거래입니다."
신세틱롱,콜 매수와 풋 매도로 현물 매수와 동일한 손익 구조를 만드는 것입니다.
신세틱숏,콜 매도와 풋 매수로 현물 매도와 동일한 손익 구조를 만드는 것입니다.
REITs,"부동산투자신탁으로, 다수의 투자자로부터 자금을 모아 부동산에 투자하고 수익을 배당하는 상품입니다."
PF대출,"프로젝트파이낸싱 대출로, 부동산 개발사업의 미래 수익을 담보로 제공되는 대출입니다."
브릿지론,단기 자금이 필요할 때 다음 자금 조달까지 연결해주는 임시 대출입니다.
메자닌,"선순위와 후순위 중간 단계의 투자로, 위험과 수익이 중간 수준입니다."
선순위,채권이나 대출에서 우선적으로 상환받을 권리가 있는 지위입니다.
후순위,"선순위 채권자들이 먼저 상환받은 후에 상환받는 지위로, 위험이 높고 수익률도 높습니다."
NPL,"부실채권으로, 연체 등으로 회수가 어려운 채권입니다."
LTV,"주택담보대출비율로, 주택 가격 대비 대출 가능 금액의 비율입니다."
DTI,"총부채상환비율로, 연간 소득 대비 모든 부채의 연간 원리금 상환액 비율입니다."
DSR,"총부채원리금상환비율로, 소득 대비 모든 금융부채의 원리금 상환액 비율입니다."
담보인정비율,담보물의 감정가 중 실제 담보로 인정되는 비율입니다.
주택담보대출,주택을 담보로 제공하고 받는 대출입니다.
신용대출,담보 없이 개인의 신용을 바탕으로 받는 대출입니다.
전세자금대출,전세 보증금 마련을 위해 받는 대출입니다.
중도금대출,주택 구입 시 분양가의 일부를 지급하기 위한 대출입니다.
경매,법원이 채무자의 부동산을 강제로 매각하는 절차입니다.
공매,국세청이나 한국자산관리공사 등이 채권 회수를 위해 부동산을 매각하는 절차입니다.
낙찰,경매나 공매에서 최고가로 입찰하여 부동산을 취득하는 것입니다.
유찰,경매나 공매에서 입찰자가 없거나 최저가에 미달하여 매각이 불발되는 것입니다.
감정가,법원이나 감정평가사가 평가한 부동산의 가치입니다.
최저입찰가,경매나 공매에서 입찰할 수 있는 최소 금액입니다.
재건축,노후 건물을 철거하고 새로 건축하는 사업입니다.
재개발,낙후된 지역을 철거하고 새로 개발하는 사업입니다.
리모델링,기존 건물을 철거하지 않고 개보수하여 성능을 향상시키는 것입니다.
조합원,재건축이나 재개발 조합에 가입한 구성원입니다.
일반분양,조합원이 아닌 일반인에게 분양하는 물량입니다.
분양권,분양 계약을 체결하고 받은 입주 권리입니다.
입주권,조합원이 재건축이나 재개발로 받게 되는 입주 권리입니다.
전매제한,일정 기간 동안 분양권이나 입주권을 타인에게 양도할 수 없도록 제한하는 것입니다.
분양가상한제,정부가 분양가를 일정 수준으로 제한하는 제도입니다.
청약가점제,"청약 시 무주택 기간, 부양가족 수 등을 점수로 환산하여 당첨자를 선정하는 방식입니다."
청약통장,주택 청약을 위해 가입하는 적금 통장입니다.
투기과열지구,주택 가격이 급등하여 정부가 지정한 규제 지역입니다.
조정대상지역,주택 시장 과열 우려가 있어 정부가 지정한 규제 지역입니다.
토지거래허가구역,투기 억제를 위해 토지 거래 시 허가를 받아야 하는 지역입니다.
분양가연동제,분양가를 시장 가격에 연동하여 결정하는 제도입니다.
후분양제,건물을 완공한 후 분양하는 제도입니다.
선분양제,건물을 짓기 전에 분양하는 현행 제도입니다.
프리미엄,분양권이나 입주권의 시세가 분양가보다 높은 차액입니다.
역프리미엄,분양권이나 입주권의 시세가 분양가보다 낮은 차액입니다.
갭투자,전세가와 매매가의 차이가 적을 때 소액으로 부동산을 구입하는 투자 방식입니다.
전세가율,매매가 대비 전세가의 비율입니다.
임대수익률,부동산 투자로 얻는 연간 임대 수익을 투자 금액으로 나눈 비율입니다.
실거래가,실제로 거래된 부동산의 가격입니다.
공시가격,"정부가 공시한 부동산의 가격으로, 세금 부과 기준이 됩니다."
공시지가,정부가 공시한 토지의 가격입니다.
기준시가,상속세나 증여세 산정의 기준이 되는 부동산 가격입니다.
취득세,부동산을 취득할 때 내는 세금입니다.
재산세,매년 부동산을 보유하고 있으면 내는 세금입니다.
종합부동산세,일정 금액 이상의 부동산을 보유하면 내는 세금입니다.
양도소득세,부동산을 양도하여 이익이 발생하면 내는 세금입니다.
1세대1주택,"1가구가 1채의 주택만을 보유한 상태로, 세금 감면 혜택이 있습니다."
다주택자,"2채 이상의 주택을 보유한 사람으로, 세금이 중과됩니다."
임대사업자,주택을 임대하는 사업을 등록한 사업자입니다.
장기임대,"일정 기간 이상 임대하는 것으로, 세금 감면 혜택이 있습니다."
단기임대,짧은 기간 동안 임대하는 것입니다.
월세,매월 일정 금액을 지불하는 임대 방식입니다.
전세,일정 금액의 보증금을 맡기고 주택을 임대하는 방식입니다.
반전세,보증금과 월세를 결합한 임대 방식입니다.
전세권,전세금을 지급하고 주택을 사용할 수 있는 법적 권리입니다.
임차권,임대차 계약을 통해 주택을 사용할 수 있는 권리입니다.
전입신고,주소지 이전을 관할 관청에 신고하는 것입니다.
확정일자,"임대차 계약서에 날짜를 공적으로 확정받는 것으로, 대항력을 갖습니다."
대항력,임대인이 바뀌어도 임차인의 권리를 주장할 수 있는 법적 효력입니다.
우선변제권,경매 시 다른 채권자보다 우선하여 보증금을 돌려받을 수 있는 권리입니다.
임대차보호법,임차인의 권리를 보호하기 위한 법률입니다.
계약갱신청구권,임차인이 임대 계약 만료 시 재계약을 요구할 수 있는 권리입니다.
전월세상한제,임대료 인상 폭을 일정 비율로 제한하는 제도입니다.
ESG,"환경(Environment), 사회(Social), 지배구조(Governance)를 고려한 지속가능경영을 의미합니다."
지속가능경영,"환경, 사회, 경제적 가치를 균형있게 추구하는 경영 방식입니다."
탄소중립,온실가스 배출량과 흡수량을 같게 하여 순배출량을 제로로 만드는 것입니다.
탄소배출권,"온실가스를 배출할 수 있는 권리로, 거래가 가능합니다."
탄소발자국,개인이나 기업의 활동에서 발생하는 온실가스 배출량을 나타낸 지표입니다.
녹색금융,환경 보호와 지속가능발전을 지원하는 금융 활동입니다.
그린본드,환경 프로젝트에 자금을 조달하기 위해 발행하는 채권입니다.
소셜본드,사회적 문제 해결을 위한 프로젝트에 자금을 조달하기 위해 발행하는 채권입니다.
지속가능채권,환경과 사회적 프로젝트 모두에 사용될 수 있는 채권입니다.
그린워싱,실제로는 친환경적이지 않으면서 친환경인 것처럼 홍보하는 허위 마케팅입니다.
RE100,기업이 사용하는 전력의 100%를 재생에너지로 충당하겠다는 캠페인입니다.
재생에너지,"태양광, 풍력 등 자연에서 얻을 수 있는 고갈되지 않는 에너지입니다."
신재생에너지,"재생에너지와 신에너지를 합친 용어로, 친환경 에너지를 의미합니다."
ESG경영,"환경, 사회, 지배구조를 고려하여 기업을 운영하는 것입니다."
ESG평가,기업의 ESG 성과를 평가하는 것입니다.
ESG투자,ESG 성과가 우수한 기업에 투자하는 것입니다.
사회적책임투자,"재무적 수익뿐만 아니라 사회적, 환경적 가치를 고려하는 투자입니다."
임팩트투자,"재무적 수익과 함께 사회적, 환경적 임팩트를 창출하는 투자입니다."
지배구조,기업의 의사결정 구조와 경영 투명성을 의미합니다.
이사회,기업의 주요 의사결정을 하는 최고 의사결정 기구입니다.
사외이사,회사와 고용 관계가 없는 외부 인사로 구성된 이사입니다.
독립이사,회사로부터 독립적인 지위에서 경영을 감독하는 이사입니다.
감사위원회,회사의 업무와 회계를 감사하는 이사회 내 위원회입니다.
내부통제,기업이 목표를 달성하기 위해 내부적으로 운영하는 통제 시스템입니다.
준법감시,기업이 법규를 준수하도록 감시하고 관리하는 활동입니다.
리스크관리,기업이 직면한 위험을 식별하고 관리하는 활동입니다.
컴플라이언스,법규와 윤리를 준수하는 것입니다.
공시,기업이 주주와 투자자에게 경영 정보를 공개하는 것입니다.
IR,"투자자 대상 기업 설명회로, 기업의 가치를 알리는 활동입니다."
주주총회,주주들이 모여 기업의 주요 사항을 결정하는 최고 의사결정 기관입니다.
의결권,주주가 주주총회에서 안건에 대해 투표할 수 있는 권리입니다.
의결권자문회사,주주들에게 의결권 행사에 대한 조언을 제공하는 회사입니다.
스튜어드십코드,기관투자자가 투자 기업의 경영을 감시하고 관여하는 행동 원칙입니다.
주주행동주의,주주가 적극적으로 경영에 개입하여 기업 가치를 높이려는 활동입니다.
액티비스트,기업 경영에 적극 개입하여 변화를 요구하는 주주입니다.
소액주주,소량의 주식을 보유한 개인 주주입니다.
대주주,기업의 많은 지분을 보유하여 경영에 영향을 미칠 수 있는 주주입니다.
특수관계인,대주주와 친족 관계 등 특수한 관계에 있는 사람입니다.
일감몰아주기,대주주가 특수관계인에게 부당하게 일감을 몰아주는 행위입니다.
총수일가,기업 그룹의 지배 주주와 그 가족을 의미합니다.
순환출자,계열사끼리 서로의 주식을 보유하여 지배 구조를 공고히 하는 것입니다.
지주회사,다른 회사의 주식을 소유하여 지배하는 것을 주된 사업으로 하는 회사입니다.
금산분리,금융 자본과 산업 자본을 분리하는 정책입니다.
사익편취,대주주나 경영진이 회사의 이익을 개인적으로 빼돌리는 행위입니다.
배임,임무를 위배하여 회사에 손해를 입히는 행위입니다.
횡령,회사의 재산을 불법적으로 개인이 차지하는 행위입니다.
분식회계,재무제표를 고의로 조작하여 실적을 좋게 보이게 하는 불법 행위입니다.
내부자거래,미공개 정보를 이용하여 주식을 거래하는 불법 행위입니다.
시세조종,주가를 인위적으로 조작하는 불법 행위입니다.
부정거래,투자자를 속여 부당한 이익을 취하는 불법 행위입니다.
공매도금지,주가 하락을 막기 위해 공매도를 금지하는 조치입니다.
기업지배구조보고서,기업의 지배구조 현황을 공시하는 보고서입니다.
지속가능경영보고서,기업의 ESG 활동과 성과를 공개하는 보고서입니다.
통합보고서,재무 정보와 비재무 정보를 통합하여 공개하는 보고서입니다.
이해관계자,기업의 활동에 영향을 받거나 영향을 미치는 모든 개인과 조직입니다.
이해관계자자본주의,주주뿐 아니라 모든 이해관계자의 이익을 고려하는 자본주의입니다.
주주자본주의,주주의 이익을 최우선으로 하는 자본주의입니다.
CSR,"기업의 사회적 책임으로, 기업이 사회에 기여해야 한다는 개념입니다."
CSV,"공유가치 창출로, 기업이 사회 문제를 해결하면서 경제적 가치도 창출하는 것입니다."
사회적기업,사회적 목적을 추구하면서 영리 활동을 하는 기업입니다.
협동조합,조합원들이 공동으로 소유하고 민주적으로 운영하는 조직입니다.
비영리조직,이익을 목적으로 하지 않고 공익을 추구하는 조직입니다.
재단법인,재산을 출연하여 설립한 비영리 법인입니다.
사단법인,사람들이 모여 설립한 비영리 법인입니다.
기부,자발적으로 재산을 무상으로 제공하는 행위입니다.
후원,사회적 활동이나 사업을 재정적으로 지원하는 것입니다.
자원봉사,대가 없이 자발적으로 타인이나 사회를 위해 활동하는 것입니다.
공익활동,사회 전체의 이익을 위한 활동입니다.
사회공헌,기업이나 개인이 사회를 위해 기여하는 활동입니다.
프로보노,전문가가 자신의 전문 지식을 무료로 제공하는 공익 활동입니다.
멘토링,경험이 풍부한 사람이 경험이 적은 사람을 지도하고 조언하는 것입니다.
다양성,"성별, 인종, 연령 등이 다양한 사람들이 함께하는 것입니다."
포용성,모든 사람을 차별 없이 받아들이고 존중하는 것입니다.
공정채용,차별 없이 능력과 자격을 기준으로 채용하는 것입니다.
블라인드채용,출신 학교 등 편견을 유발하는 정보를 배제하고 채용하는 방식입니다.
직장내괴롭힘,"직장에서 지위를 이용하여 다른 직원에게 신체적, 정신적 고통을 주는 행위입니다."
성희롱,상대방에게 성적 수치심이나 혐오감을 느끼게 하는 행위입니다.
양성평등,성별에 따른 차별 없이 평등한 기회와 대우를 보장하는 것입니다.
일가정양립,일과 가정생활의 균형을 이루는 것입니다.
육아휴직,자녀 양육을 위해 일정 기간 휴직하는 제도입니다.
시차출퇴근제,직원이 출퇴근 시간을 선택할 수 있는 유연근무제입니다.
재택근무,사무실이 아닌 집에서 일하는 근무 방식입니다.
원격근무,사무실이 아닌 다른 장소에서 일하는 근무 방식입니다.
워라밸,일과 생활의 균형을 의미하는 신조어입니다.
번아웃,"과도한 업무로 인해 신체적, 정신적으로 극도로 지친 상태입니다."
안전보건,직장에서 근로자의 안전과 건강을 보호하는 것입니다.
산업재해,업무 중 발생한 사고나 질병으로 인한 재해입니다.
중대재해처벌법,중대한 산업재해나 시민재해 발생 시 사업주와 경영책임자를 처벌하는 법입니다.
안전관리자,사업장의 안전을 관리하고 감독하는 전문 인력입니다.
위험성평가,작업장의 위험 요인을 찾아 평가하고 개선하는 활동입니다.
보건관리자,근로자의 건강을 관리하는 전문 인력입니다.
건강검진,근로자의 건강 상태를 확인하기 위한 검진입니다.
직업병,업무로 인해 발생한 질병입니다.
근골격계질환,"반복적인 동작이나 부자연스러운 자세로 인해 발생하는 근육, 뼈, 관절의 질환입니다."
정신건강,"스트레스, 우울증 등 정신적 건강 상태입니다."
EAP,"직원 지원 프로그램으로, 직원의 개인적 문제 해결을 지원하는 서비스입니다."
경제활동인구,만 15세 이상 인구 중 취업자와 실업자를 합한 인구입니다.
비경제활동인구,만 15세 이상 인구 중 일할 의사나 능력이 없는 인구입니다.
고용률,생산가능인구 중 취업자가 차지하는 비율입니다.
청년실업률,15세에서 29세 청년층의 실업률입니다.
체감실업률,실업자뿐 아니라 구직 단념자 등을 포함한 넓은 의미의 실업률입니다.
경제협력개발기구,"선진국들의 경제협력을 위한 국제기구로, OECD라고도 합니다."
국제통화기금,"국제 통화 안정과 무역 확대를 목적으로 하는 국제기구로, IMF라고도 합니다."
세계은행,개발도상국의 경제 발전을 지원하는 국제금융기구입니다.
아시아개발은행,아시아 지역의 경제 발전을 지원하는 국제금융기구입니다.
경제성장,한 국가의 경제 규모가 확대되는 것입니다.
경제발전,"경제 규모의 확대뿐 아니라 소득 분배, 생활 수준 향상 등을 포함하는 개념입니다."
선진국,경제가 발전하고 생활 수준이 높은 국가입니다.
개발도상국,경제 발전이 진행 중인 국가입니다.
신흥시장국,빠른 경제 성장으로 선진국으로 도약하고 있는 국가입니다.
브릭스,"브라질, 러시아, 인도, 중국 등 신흥 경제 대국을 지칭하는 용어입니다."
G7,"미국, 일본, 독일, 영국, 프랑스, 이탈리아, 캐나다 등 7개 선진국 협의체입니다."
G20,주요 20개국 재무장관과 중앙은행 총재 회의입니다.
무역자유화,국가 간 무역 장벽을 낮추어 자유로운 무역을 촉진하는 것입니다.
보호무역,자국 산업을 보호하기 위해 수입을 제한하는 정책입니다.
관세,수입품에 부과하는 세금입니다.
IPO,"기업공개로, 비상장 기업이 주식을 발행하여 주식시장에 상장하는 것입니다."
상장,주식시장에서 거래될 수 있도록 등록하는 것입니다.
상장폐지,주식시장에서 거래를 중단하고 등록을 말소하는 것입니다.
거래정지,일시적으로 주식 거래를 중단하는 조치입니다.
매매거래정지,중요 공시나 이상 징후로 인해 주식 거래를 일시 중단하는 것입니다.
시장조치,불공정거래나 주가 급변동 시 거래소가 취하는 조치입니다.
주가지수,여러 주식의 가격 변동을 종합하여 나타낸 지표입니다.
코스피,"한국 주식시장의 대표 지수로, 유가증권시장의 주가지수입니다."
코스닥,"중소벤처기업 중심의 주식시장으로, 코스닥시장의 주가지수입니다."
코넥스,초기 중소기업을 위한 주식시장입니다.
다우존스,미국 주식시장의 대표적인 주가지수입니다.
나스닥,미국의 기술주 중심 주식시장 및 그 지수입니다.
S&P500,미국의 대형주 500개 기업으로 구성된 주가지수입니다.
닛케이,일본 도쿄증권거래소의 대표 주가지수입니다.
항셍,홍콩 증권시장의 대표 주가지수입니다.
상해종합,중국 상해 증권시장의 주가지수입니다.
MSCI,모건스탠리캐피탈인터내셔널이 산출하는 세계 주가지수입니다.
벤치마크,투자 성과를 비교하기 위한 기준 지수입니다.
추종지수,펀드가 수익률 목표로 삼는 기준 지수입니다.
시가,하루 중 최초로 거래된 가격입니다.
종가,하루 중 마지막으로 거래된 가격입니다.
고가,하루 중 가장 높았던 가격입니다.
저가,하루 중 가장 낮았던 가격입니다.
전일대비,전일 종가와 비교한 당일 가격 변동입니다.
등락률,전일 종가 대비 당일 가격 변동률입니다.
거래대금순위,거래대금이 많은 순서대로 나열한 순위입니다.
시가총액순위,시가총액이 큰 순서대로 나열한 순위입니다.
시총상위주,시가총액이 큰 대형주를 의미합니다.
대형주,"시가총액이 큰 주식으로, 일반적으로 상위 100위권 종목입니다."
중형주,시가총액이 중간 규모인 주식입니다.
소형주,시가총액이 작은 주식입니다.
우량주,재무 건전성이 우수하고 안정적인 기업의 주식입니다.
블루칩,우량주를 의미하는 영어 표현입니다.
가치주,"PER, PBR 등이 낮아 저평가된 주식입니다."
성장주,높은 성장 가능성이 있는 기업의 주식입니다.
배당주,배당을 많이 주는 기업의 주식입니다.
경기민감주,경기 변동에 민감하게 반응하는 업종의 주식입니다.
경기방어주,경기 변동에 영향을 적게 받는 업종의 주식입니다.
내수주,국내 시장에 의존하는 기업의 주식입니다.
수출주,수출 비중이 높은 기업의 주식입니다.
IT주,정보기술 관련 기업의 주식입니다.
바이오주,바이오 및 제약 관련 기업의 주식입니다.
금융주,"은행, 증권, 보험 등 금융 관련 기업의 주식입니다."
화학주,화학 관련 기업의 주식입니다.
자동차주,자동차 관련 기업의 주식입니다.
조선주,조선 관련 기업의 주식입니다.
철강주,철강 관련 기업의 주식입니다.
건설주,건설 관련 기업의 주식입니다.
유통주,유통 관련 기업의 주식입니다.
게임주,게임 관련 기업의 주식입니다.
엔터주,엔터테인먼트 관련 기업의 주식입니다.
2차전지주,2차전지 관련 기업의 주식입니다.
반도체주,반도체 관련 기업의 주식입니다.
배터리주,배터리 관련 기업의 주식입니다.
전기차주,전기차 관련 기업의 주식입니다.
단기국내주식투자,"단기 국내 주식에 대한 투자를 의미하며, 투자자들이 활용하는 금융 기법입니다."
단기국내주식거래,"단기 국내 주식에 대한 거래를 의미하며, 투자자들이 활용하는 금융 기법입니다."
단기국내주식시장,"단기 국내 주식에 대한 시장를 의미하며, 투자자들이 활용하는 금융 기법입니다."
단기해외주식투자,"단기 해외 주식에 대한 투자를 의미하며, 투자자들이 활용하는 금융 기법입니다."
단기해외주식거래,"단기 해외 주식에 대한 거래를 의미하며, 투자자들이 활용하는 금융 기법입니다."
단기해외주식시장,"단기 해외 주식에 대한 시장를 의미하며, 투자자들이 활용하는 금융 기법입니다."
단기글로벌주식투자,"단기 글로벌 주식에 대한 투자를 의미하며, 투자자들이 활용하는 금융 기법입니다."
단기글로벌주식거래,"단기 글로벌 주식에 대한 거래를 의미하며, 투자자들이 활용하는 금융 기법입니다."
단기글로벌주식시장,"단기 글로벌 주식에 대한 시장를 의미하며, 투자자들이 활용하는 금융 기법입니다."
중기국내주식투자,"중기 국내 주식에 대한 투자를 의미하며, 투자자들이 활용하는 금융 기법입니다."
중기국내주식거래,"중기 국내 주식에 대한 거래를 의미하며, 투자자들이 활용하는 금융 기법입니다."
중기국내주식시장,"중기 국내 주식에 대한 시장를 의미하며, 투자자들이 활용하는 금융 기법입니다."
중기해외주식투자,"중기 해외 주식에 대한 투자를 의미하며, 투자자들이 활용하는 금융 기법입니다."
중기해외주식거래,"중기 해외 주식에 대한 거래를 의미하며, 투자자들이 활용하는 금융 기법입니다."
중기해외주식시장,"중기 해외 주식에 대한 시장를 의미하며, 투자자들이 활용하는 금융 기법입니다."
중기글로벌주식투자,"중기 글로벌 주식에 대한 투자를 의미하며, 투자자들이 활용하는 금융 기법입니다."
중기글로벌주식거래,"중기 글로벌 주식에 대한 거래를 의미하며, 투자자들이 활용하는 금융 기법입니다."
중기글로벌주식시장,"중기 글로벌 주식에 대한 시장를 의미하며, 투자자들이 활용하는 금융 기법입니다."
장기국내주식투자,"장기 국내 주식에 대한 투자를 의미하며, 투자자들이 활용하는 금융 기법입니다."
장기국내주식거래,"장기 국내 주식에 대한 거래를 의미하며, 투자자들이 활용하는 금융 기법입니다."
장기국내주식시장,"장기 국내 주식에 대한 시장를 의미하며, 투자자들이 활용하는 금융 기법입니다."
장기해외주식투자,"장기 해외 주식에 대한 투자를 의미하며, 투자자들이 활용하는 금융 기법입니다."
장기해외주식거래,"장기 해외 주식에 대한 거래를 의미하며, 투자자들이 활용하는 금융 기법입니다."
장기해외주식시장,"장기 해외 주식에 대한 시장를 의미하며, 투자자들이 활용하는 금융 기법입니다."
장기글로벌주식투자,"장기 글로벌 주식에 대한 투자를 의미하며, 투자자들이 활용하는 금융 기법입니다."
장기글로벌주식거래,"장기 글로벌 주식에 대한 거래를 의미하며, 투자자들이 활용하는 금융 기법입니다."
장기글로벌주식시장,"장기 글로벌 주식에 대한 시장를 의미하며, 투자자들이 활용하는 금융 기법입니다."
단기국내채권투자,"단기 국내 채권에 대한 투자를 의미하며, 투자자들이 활용하는 금융 기법입니다."
단기국내채권거래,"단기 국내 채권에 대한 거래를 의미하며, 투자자들이 활용하는 금융 기법입니다."
단기국내채권시장,"단기 국내 채권에 대한 시장를 의미하며, 투자자들이 활용하는 금융 기법입니다."
단기해외채권투자,"단기 해외 채권에 대한 투자를 의미하며, 투자자들이 활용하는 금융 기법입니다."
단기해외채권거래,"단기 해외 채권에 대한 거래를 의미하며, 투자자들이 활용하는 금융 기법입니다."
단기해외채권시장,"단기 해외 채권에 대한 시장를 의미하며, 투자자들이 활용하는 금융 기법입니다."
단기글로벌채권투자,"단기 글로벌 채권에 대한 투자를 의미하며, 투자자들이 활용하는 금융 기법입니다."
단기글로벌채권거래,"단기 글로벌 채권에 대한 거래를 의미하며, 투자자들이 활용하는 금융 기법입니다."
단기글로벌채권시장,"단기 글로벌 채권에 대한 시장를 의미하며, 투자자들이 활용하는 금융 기법입니다."
중기국내채권투자,"중기 국내 채권에 대한 투자를 의미하며, 투자자들이 활용하는 금융 기법입니다."
중기국내채권거래,"중기 국내 채권에 대한 거래를 의미하며, 투자자들이 활용하는 금융 기법입니다."
중기국내채권시장,"중기 국내 채권에 대한 시장를 의미하며, 투자자들이 활용하는 금융 기법입니다."
중기해외채권투자,"중기 해외 채권에 대한 투자를 의미하며, 투자자들이 활용하는 금융 기법입니다."
중기해외채권거래,"중기 해외 채권에 대한 거래를 의미하며, 투자자들이 활용하는 금융 기법입니다."
중기해외채권시장,"중기 해외 채권에 대한 시장를 의미하며, 투자자들이 활용하는 금융 기법입니다."
중기글로벌채권투자,"중기 글로벌 채권에 대한 투자를 의미하며, 투자자들이 활용하는 금융 기법입니다."
중기글로벌채권거래,"중기 글로벌 채권에 대한 거래를 의미하며, 투자자들이 활용하는 금융 기법입니다."
중기글로벌채권시장,"중기 글로벌 채권에 대한 시장를 의미하며, 투자자들이 활용하는 금융 기법입니다."
장기국내채권투자,"장기 국내 채권에 대한 투자를 의미하며, 투자자들이 활용하는 금융 기법입니다."
장기국내채권거래,"장기 국내 채권에 대한 거래를 의미하며, 투자자들이 활용하는 금융 기법입니다."
장기국내채권시장,"장기 국내 채권에 대한 시장를 의미하며, 투자자들이 활용하는 금융 기법입니다."
장기해외채권투자,"장기 해외 채권에 대한 투자를 의미하며, 투자자들이 활용하는 금융 기법입니다."
장기해외채권거래,"장기 해외 채권에 대한 거래를 의미하며, 투자자들이 활용하는 금융 기법입니다."
장기해외채권시장,"장기 해외 채권에 대한 시장를 의미하며, 투자자들이 활용하는 금융 기법입니다."
장기글로벌채권투자,"장기 글로벌 채권에 대한 투자를 의미하며, 투자자들이 활용하는 금융 기법입니다."
장기글로벌채권거래,"장기 글로벌 채권에 대한 거래를 의미하며, 투자자들이 활용하는 금융 기법입니다."
장기글로벌채권시장,"장기 글로벌 채권에 대한 시장를 의미하며, 투자자들이 활용하는 금융 기법입니다."
단기국내펀드투자,"단기 국내 펀드에 대한 투자를 의미하며, 투자자들이 활용하는 금융 기법입니다."
단기국내펀드거래,"단기 국내 펀드에 대한 거래를 의미하며, 투자자들이 활용하는 금융 기법입니다."
단기국내펀드시장,"단기 국내 펀드에 대한 시장를 의미하며, 투자자들이 활용하는 금융 기법입니다."
단기해외펀드투자,"단기 해외 펀드에 대한 투자를 의미하며, 투자자들이 활용하는 금융 기법입니다."
단기해외펀드거래,"단기 해외 펀드에 대한 거래를 의미하며, 투자자들이 활용하는 금융 기법입니다."
단기해외펀드시장,"단기 해외 펀드에 대한 시장를 의미하며, 투자자들이 활용하는 금융 기법입니다."
단기글로벌펀드투자,"단기 글로벌 펀드에 대한 투자를 의미하며, 투자자들이 활용하는 금융 기법입니다."
단기글로벌펀드거래,"단기 글로벌 펀드에 대한 거래를 의미하며, 투자자들이 활용하는 금융 기법입니다."
단기글로벌펀드시장,"단기 글로벌 펀드에 대한 시장를 의미하며, 투자자들이 활용하는 금융 기법입니다."
중기국내펀드투자,"중기 국내 펀드에 대한 투자를 의미하며, 투자자들이 활용하는 금융 기법입니다."
중기국내펀드거래,"중기 국내 펀드에 대한 거래를 의미하며, 투자자들이 활용하는 금융 기법입니다."
중기국내펀드시장,"중기 국내 펀드에 대한 시장를 의미하며, 투자자들이 활용하는 금융 기법입니다."
중기해외펀드투자,"중기 해외 펀드에 대한 투자를 의미하며, 투자자들이 활용하는 금융 기법입니다."
중기해외펀드거래,"중기 해외 펀드에 대한 거래를 의미하며, 투자자들이 활용하는 금융 기법입니다."
중기해외펀드시장,"중기 해외 펀드에 대한 시장를 의미하며, 투자자들이 활용하는 금융 기법입니다."
중기글로벌펀드투자,"중기 글로벌 펀드에 대한 투자를 의미하며, 투자자들이 활용하는 금융 기법입니다."
중기글로벌펀드거래,"중기 글로벌 펀드에 대한 거래를 의미하며, 투자자들이 활용하는 금융 기법입니다."
중기글로벌펀드시장,"중기 글로벌 펀드에 대한 시장를 의미하며, 투자자들이 활용하는 금융 기법입니다."
장기국내펀드투자,"장기 국내 펀드에 대한 투자를 의미하며, 투자자들이 활용하는 금융 기법입니다."
장기국내펀드거래,"장기 국내 펀드에 대한 거래를 의미하며, 투자자들이 활용하는 금융 기법입니다."
장기국내펀드시장,"장기 국내 펀드에 대한 시장를 의미하며, 투자자들이 활용하는 금융 기법입니다."
장기해외펀드투자,"장기 해외 펀드에 대한 투자를 의미하며, 투자자들이 활용하는 금융 기법입니다."
장기해외펀드거래,"장기 해외 펀드에 대한 거래를 의미하며, 투자자들이 활용하는 금융 기법입니다."
장기해외펀드시장,"장기 해외 펀드에 대한 시장를 의미하며, 투자자들이 활용하는 금융 기법입니다."
장기글로벌펀드투자,"장기 글로벌 펀드에 대한 투자를 의미하며, 투자자들이 활용하는 금융 기법입니다."
장기글로벌펀드거래,"장기 글로벌 펀드에 대한 거래를 의미하며, 투자자들이 활용하는 금융 기법입니다."
장기글로벌펀드시장,"장기 글로벌 펀드에 대한 시장를 의미하며, 투자자들이 활용하는 금융 기법입니다."
단기국내ETF투자,"단기 국내 ETF에 대한 투자를 의미하며, 투자자들이 활용하는 금융 기법입니다."
단기국내ETF거래,"단기 국내 ETF에 대한 거래를 의미하며, 투자자들이 활용하는 금융 기법입니다."
단기국내ETF시장,"단기 국내 ETF에 대한 시장를 의미하며, 투자자들이 활용하는 금융 기법입니다."
단기해외ETF투자,"단기 해외 ETF에 대한 투자를 의미하며, 투자자들이 활용하는 금융 기법입니다."
단기해외ETF거래,"단기 해외 ETF에 대한 거래를 의미하며, 투자자들이 활용하는 금융 기법입니다."
단기해외ETF시장,"단기 해외 ETF에 대한 시장를 의미하며, 투자자들이 활용하는 금융 기법입니다."
단기글로벌ETF투자,"단기 글로벌 ETF에 대한 투자를 의미하며, 투자자들이 활용하는 금융 기법입니다."
단기글로벌ETF거래,"단기 글로벌 ETF에 대한 거래를 의미하며, 투자자들이 활용하는 금융 기법입니다."
단기글로벌ETF시장,"단기 글로벌 ETF에 대한 시장를 의미하며, 투자자들이 활용하는 금융 기법입니다."
중기국내ETF투자,"중기 국내 ETF에 대한 투자를 의미하며, 투자자들이 활용하는 금융 기법입니다."
중기국내ETF거래,"중기 국내 ETF에 대한 거래를 의미하며, 투자자들이 활용하는 금융 기법입니다."
중기국내ETF시장,"중기 국내 ETF에 대한 시장를 의미하며, 투자자들이 활용하는 금융 기법입니다."
중기해외ETF투자,"중기 해외 ETF에 대한 투자를 의미하며, 투자자들이 활용하는 금융 기법입니다."
중기해외ETF거래,"중기 해외 ETF에 대한 거래를 의미하며, 투자자들이 활용하는 금융 기법입니다."
중기해외ETF시장,"중기 해외 ETF에 대한 시장를 의미하며, 투자자들이 활용하는 금융 기법입니다."
중기글로벌ETF투자,"중기 글로벌 ETF에 대한 투자를 의미하며, 투자자들이 활용하는 금융 기법입니다."
중기글로벌ETF거래,"중기 글로벌 ETF에 대한 거래를 의미하며, 투자자들이 활용하는 금융 기법입니다."
중기글로벌ETF시장,"중기 글로벌 ETF에 대한 시장를 의미하며, 투자자들이 활용하는 금융 기법입니다."
장기국내ETF투자,"장기 국내 ETF에 대한 투자를 의미하며, 투자자들이 활용하는 금융 기법입니다."
장기국내ETF거래,"장기 국내 ETF에 대한 거래를 의미하며, 투자자들이 활용하는 금융 기법입니다."
장기국내ETF시장,"장기 국내 ETF에 대한 시장를 의미하며, 투자자들이 활용하는 금융 기법입니다."
장기해외ETF투자,"장기 해외 ETF에 대한 투자를 의미하며, 투자자들이 활용하는 금융 기법입니다."
장기해외ETF거래,"장기 해외 ETF에 대한 거래를 의미하며, 투자자들이 활용하는 금융 기법입니다."
장기해외ETF시장,"장기 해외 ETF에 대한 시장를 의미하며, 투자자들이 활용하는 금융 기법입니다."
장기글로벌ETF투자,"장기 글로벌 ETF에 대한 투자를 의미하며, 투자자들이 활용하는 금융 기법입니다."
장기글로벌ETF거래,"장기 글로벌 ETF에 대한 거래를 의미하며, 투자자들이 활용하는 금융 기법입니다."
장기글로벌ETF시장,"장기 글로벌 ETF에 대한 시장를 의미하며, 투자자들이 활용하는 금융 기법입니다."
IT주가,"IT 업종의 주가로, 해당 산업의 재무 성과를 나타내는 지표입니다."
IT수익률,"IT 업종의 수익률로, 해당 산업의 재무 성과를 나타내는 지표입니다."
IT성장률,"IT 업종의 성장률로, 해당 산업의 재무 성과를 나타내는 지표입니다."
IT이익률,"IT 업종의 이익률로, 해당 산업의 재무 성과를 나타내는 지표입니다."
ITPER,"IT 업종의 PER로, 해당 산업의 재무 성과를 나타내는 지표입니다."
ITPBR,"IT 업종의 PBR로, 해당 산업의 재무 성과를 나타내는 지표입니다."
ITROE,"IT 업종의 ROE로, 해당 산업의 재무 성과를 나타내는 지표입니다."
IT부채비율,"IT 업종의 부채비율로, 해당 산업의 재무 성과를 나타내는 지표입니다."
IT유동비율,"IT 업종의 유동비율로, 해당 산업의 재무 성과를 나타내는 지표입니다."
IT매출액,"IT 업종의 매출액로, 해당 산업의 재무 성과를 나타내는 지표입니다."
바이오주가,"바이오 업종의 주가로, 해당 산업의 재무 성과를 나타내는 지표입니다."
바이오수익률,"바이오 업종의 수익률로, 해당 산업의 재무 성과를 나타내는 지표입니다."
바이오성장률,"바이오 업종의 성장률로, 해당 산업의 재무 성과를 나타내는 지표입니다."
바이오이익률,"바이오 업종의 이익률로, 해당 산업의 재무 성과를 나타내는 지표입니다."
바이오PER,"바이오 업종의 PER로, 해당 산업의 재무 성과를 나타내는 지표입니다."
바이오PBR,"바이오 업종의 PBR로, 해당 산업의 재무 성과를 나타내는 지표입니다."
바이오ROE,"바이오 업종의 ROE로, 해당 산업의 재무 성과를 나타내는 지표입니다."
바이오부채비율,"바이오 업종의 부채비율로, 해당 산업의 재무 성과를 나타내는 지표입니다."
바이오유동비율,"바이오 업종의 유동비율로, 해당 산업의 재무 성과를 나타내는 지표입니다."
바이오매출액,"바이오 업종의 매출액로, 해당 산업의 재무 성과를 나타내는 지표입니다."
제약주가,"제약 업종의 주가로, 해당 산업의 재무 성과를 나타내는 지표입니다."
제약수익률,"제약 업종의 수익률로, 해당 산업의 재무 성과를 나타내는 지표입니다."
제약성장률,"제약 업종의 성장률로, 해당 산업의 재무 성과를 나타내는 지표입니다."
제약이익률,"제약 업종의 이익률로, 해당 산업의 재무 성과를 나타내는 지표입니다."
제약PER,"제약 업종의 PER로, 해당 산업의 재무 성과를 나타내는 지표입니다."
제약PBR,"제약 업종의 PBR로, 해당 산업의 재무 성과를 나타내는 지표입니다."
제약ROE,"제약 업종의 ROE로, 해당 산업의 재무 성과를 나타내는 지표입니다."
제약부채비율,"제약 업종의 부채비율로, 해당 산업의 재무 성과를 나타내는 지표입니다."
제약유동비율,"제약 업종의 유동비율로, 해당 산업의 재무 성과를 나타내는 지표입니다."
제약매출액,"제약 업종의 매출액로, 해당 산업의 재무 성과를 나타내는 지표입니다."
자동차주가,"자동차 업종의 주가로, 해당 산업의 재무 성과를 나타내는 지표입니다."
자동차수익률,"자동차 업종의 수익률로, 해당 산업의 재무 성과를 나타내는 지표입니다."
자동차성장률,"자동차 업종의 성장률로, 해당 산업의 재무 성과를 나타내는 지표입니다."
자동차이익률,"자동차 업종의 이익률로, 해당 산업의 재무 성과를 나타내는 지표입니다."
자동차PER,"자동차 업종의 PER로, 해당 산업의 재무 성과를 나타내는 지표입니다."
자동차PBR,"자동차 업종의 PBR로, 해당 산업의 재무 성과를 나타내는 지표입니다."
자동차ROE,"자동차 업종의 ROE로, 해당 산업의 재무 성과를 나타내는 지표입니다."
자동차부채비율,"자동차 업종의 부채비율로, 해당 산업의 재무 성과를 나타내는 지표입니다."
자동차유동비율,"자동차 업종의 유동비율로, 해당 산업의 재무 성과를 나타내는 지표입니다."
자동차매출액,"자동차 업종의 매출액로, 해당 산업의 재무 성과를 나타내는 지표입니다."
반도체주가,"반도체 업종의 주가로, 해당 산업의 재무 성과를 나타내는 지표입니다."
반도체수익률,"반도체 업종의 수익률로, 해당 산업의 재무 성과를 나타내는 지표입니다."
반도체성장률,"반도체 업종의 성장률로, 해당 산업의 재무 성과를 나타내는 지표입니다."
반도체이익률,"반도체 업종의 이익률로, 해당 산업의 재무 성과를 나타내는 지표입니다."
반도체PER,"반도체 업종의 PER로, 해당 산업의 재무 성과를 나타내는 지표입니다."
반도체PBR,"반도체 업종의 PBR로, 해당 산업의 재무 성과를 나타내는 지표입니다."
반도체ROE,"반도체 업종의 ROE로, 해당 산업의 재무 성과를 나타내는 지표입니다."
반도체부채비율,"반도체 업종의 부채비율로, 해당 산업의 재무 성과를 나타내는 지표입니다."
반도체유동비율,"반도체 업종의 유동비율로, 해당 산업의 재무 성과를 나타내는 지표입니다."
반도체매출액,"반도체 업종의 매출액로, 해당 산업의 재무 성과를 나타내는 지표입니다."
디스플레이주가,"디스플레이 업종의 주가로, 해당 산업의 재무 성과를 나타내는 지표입니다."
디스플레이수익률,"디스플레이 업종의 수익률로, 해당 산업의 재무 성과를 나타내는 지표입니다."
디스플레이성장률,"디스플레이 업종의 성장률로, 해당 산업의 재무 성과를 나타내는 지표입니다."
디스플레이이익률,"디스플레이 업종의 이익률로, 해당 산업의 재무 성과를 나타내는 지표입니다."
디스플레이PER,"디스플레이 업종의 PER로, 해당 산업의 재무 성과를 나타내는 지표입니다."
디스플레이PBR,"디스플레이 업종의 PBR로, 해당 산업의 재무 성과를 나타내는 지표입니다."
디스플레이ROE,"디스플레이 업종의 ROE로, 해당 산업의 재무 성과를 나타내는 지표입니다."
디스플레이부채비율,"디스플레이 업종의 부채비율로, 해당 산업의 재무 성과를 나타내는 지표입니다."
디스플레이유동비율,"디스플레이 업종의 유동비율로, 해당 산업의 재무 성과를 나타내는 지표입니다."
디스플레이매출액,"디스플레이 업종의 매출액로, 해당 산업의 재무 성과를 나타내는 지표입니다."
화학주가,"화학 업종의 주가로, 해당 산업의 재무 성과를 나타내는 지표입니다."
화학수익률,"화학 업종의 수익률로, 해당 산업의 재무 성과를 나타내는 지표입니다."
화학성장률,"화학 업종의 성장률로, 해당 산업의 재무 성과를 나타내는 지표입니다."
화학이익률,"화학 업종의 이익률로, 해당 산업의 재무 성과를 나타내는 지표입니다."
화학PER,"화학 업종의 PER로, 해당 산업의 재무 성과를 나타내는 지표입니다."
화학PBR,"화학 업종의 PBR로, 해당 산업의 재무 성과를 나타내는 지표입니다."
화학ROE,"화학 업종의 ROE로, 해당 산업의 재무 성과를 나타내는 지표입니다."
화학부채비율,"화학 업종의 부채비율로, 해당 산업의 재무 성과를 나타내는 지표입니다."
화학유동비율,"화학 업종의 유동비율로, 해당 산업의 재무 성과를 나타내는 지표입니다."
화학매출액,"화학 업종의 매출액로, 해당 산업의 재무 성과를 나타내는 지표입니다."
철강주가,"철강 업종의 주가로, 해당 산업의 재무 성과를 나타내는 지표입니다."
철강수익률,"철강 업종의 수익률로, 해당 산업의 재무 성과를 나타내는 지표입니다."
철강성장률,"철강 업종의 성장률로, 해당 산업의 재무 성과를 나타내는 지표입니다."
철강이익률,"철강 업종의 이익률로, 해당 산업의 재무 성과를 나타내는 지표입니다."
철강PER,"철강 업종의 PER로, 해당 산업의 재무 성과를 나타내는 지표입니다."
철강PBR,"철강 업종의 PBR로, 해당 산업의 재무 성과를 나타내는 지표입니다."
철강ROE,"철강 업종의 ROE로, 해당 산업의 재무 성과를 나타내는 지표입니다."
철강부채비율,"철강 업종의 부채비율로, 해당 산업의 재무 성과를 나타내는 지표입니다."
철강유동비율,"철강 업종의 유동비율로, 해당 산업의 재무 성과를 나타내는 지표입니다."
철강매출액,"철강 업종의 매출액로, 해당 산업의 재무 성과를 나타내는 지표입니다."
조선주가,"조선 업종의 주가로, 해당 산업의 재무 성과를 나타내는 지표입니다."
조선수익률,"조선 업종의 수익률로, 해당 산업의 재무 성과를 나타내는 지표입니다."
조선성장률,"조선 업종의 성장률로, 해당 산업의 재무 성과를 나타내는 지표입니다."
조선이익률,"조선 업종의 이익률로, 해당 산업의 재무 성과를 나타내는 지표입니다."
조선PER,"조선 업종의 PER로, 해당 산업의 재무 성과를 나타내는 지표입니다."
조선PBR,"조선 업종의 PBR로, 해당 산업의 재무 성과를 나타내는 지표입니다."
조선ROE,"조선 업종의 ROE로, 해당 산업의 재무 성과를 나타내는 지표입니다."
조선부채비율,"조선 업종의 부채비율로, 해당 산업의 재무 성과를 나타내는 지표입니다."
조선유동비율,"조선 업종의 유동비율로, 해당 산업의 재무 성과를 나타내는 지표입니다."
조선매출액,"조선 업종의 매출액로, 해당 산업의 재무 성과를 나타내는 지표입니다."
건설주가,"건설 업종의 주가로, 해당 산업의 재무 성과를 나타내는 지표입니다."
건설수익률,"건설 업종의 수익률로, 해당 산업의 재무 성과를 나타내는 지표입니다."
건설성장률,"건설 업종의 성장률로, 해당 산업의 재무 성과를 나타내는 지표입니다."
건설이익률,"건설 업종의 이익률로, 해당 산업의 재무 성과를 나타내는 지표입니다."
건설PER,"건설 업종의 PER로, 해당 산업의 재무 성과를 나타내는 지표입니다."
건설PBR,"건설 업종의 PBR로, 해당 산업의 재무 성과를 나타내는 지표입니다."
건설ROE,"건설 업종의 ROE로, 해당 산업의 재무 성과를 나타내는 지표입니다."
건설부채비율,"건설 업종의 부채비율로, 해당 산업의 재무 성과를 나타내는 지표입니다."
건설유동비율,"건설 업종의 유동비율로, 해당 산업의 재무 성과를 나타내는 지표입니다."
건설매출액,"건설 업종의 매출액로, 해당 산업의 재무 성과를 나타내는 지표입니다."
유통주가,"유통 업종의 주가로, 해당 산업의 재무 성과를 나타내는 지표입니다."
유통수익률,"유통 업종의 수익률로, 해당 산업의 재무 성과를 나타내는 지표입니다."
유통성장률,"유통 업종의 성장률로, 해당 산업의 재무 성과를 나타내는 지표입니다."
유통이익률,"유통 업종의 이익률로, 해당 산업의 재무 성과를 나타내는 지표입니다."
유통PER,"유통 업종의 PER로, 해당 산업의 재무 성과를 나타내는 지표입니다."
유통PBR,"유통 업종의 PBR로, 해당 산업의 재무 성과를 나타내는 지표입니다."
유통ROE,"유통 업종의 ROE로, 해당 산업의 재무 성과를 나타내는 지표입니다."
유통부채비율,"유통 업종의 부채비율로, 해당 산업의 재무 성과를 나타내는 지표입니다."
유통유동비율,"유통 업종의 유동비율로, 해당 산업의 재무 성과를 나타내는 지표입니다."
유통매출액,"유통 업종의 매출액로, 해당 산업의 재무 성과를 나타내는 지표입니다."
금융주가,"금융 업종의 주가로, 해당 산업의 재무 성과를 나타내는 지표입니다."
금융수익률,"금융 업종의 수익률로, 해당 산업의 재무 성과를 나타내는 지표입니다."
금융성장률,"금융 업종의 성장률로, 해당 산업의 재무 성과를 나타내는 지표입니다."
금융이익률,"금융 업종의 이익률로, 해당 산업의 재무 성과를 나타내는 지표입니다."
금융PER,"금융 업종의 PER로, 해당 산업의 재무 성과를 나타내는 지표입니다."
금융PBR,"금융 업종의 PBR로, 해당 산업의 재무 성과를 나타내는 지표입니다."
금융ROE,"금융 업종의 ROE로, 해당 산업의 재무 성과를 나타내는 지표입니다."
금융부채비율,"금융 업종의 부채비율로, 해당 산업의 재무 성과를 나타내는 지표입니다."
금융유동비율,"금융 업종의 유동비율로, 해당 산업의 재무 성과를 나타내는 지표입니다."
금융매출액,"금융 업종의 매출액로, 해당 산업의 재무 성과를 나타내는 지표입니다."
보험주가,"보험 업종의 주가로, 해당 산업의 재무 성과를 나타내는 지표입니다."
보험수익률,"보험 업종의 수익률로, 해당 산업의 재무 성과를 나타내는 지표입니다."
보험성장률,"보험 업종의 성장률로, 해당 산업의 재무 성과를 나타내는 지표입니다."
보험이익률,"보험 업종의 이익률로, 해당 산업의 재무 성과를 나타내는 지표입니다."
보험PER,"보험 업종의 PER로, 해당 산업의 재무 성과를 나타내는 지표입니다."
보험PBR,"보험 업종의 PBR로, 해당 산업의 재무 성과를 나타내는 지표입니다."
보험ROE,"보험 업종의 ROE로, 해당 산업의 재무 성과를 나타내는 지표입니다."
보험부채비율,"보험 업종의 부채비율로, 해당 산업의 재무 성과를 나타내는 지표입니다."
보험유동비율,"보험 업종의 유동비율로, 해당 산업의 재무 성과를 나타내는 지표입니다."
보험매출액,"보험 업종의 매출액로, 해당 산업의 재무 성과를 나타내는 지표입니다."
통신주가,"통신 업종의 주가로, 해당 산업의 재무 성과를 나타내는 지표입니다."
통신수익률,"통신 업종의 수익률로, 해당 산업의 재무 성과를 나타내는 지표입니다."
통신성장률,"통신 업종의 성장률로, 해당 산업의 재무 성과를 나타내는 지표입니다."
통신이익률,"통신 업종의 이익률로, 해당 산업의 재무 성과를 나타내는 지표입니다."
통신PER,"통신 업종의 PER로, 해당 산업의 재무 성과를 나타내는 지표입니다."
통신PBR,"통신 업종의 PBR로, 해당 산업의 재무 성과를 나타내는 지표입니다."
통신ROE,"통신 업종의 ROE로, 해당 산업의 재무 성과를 나타내는 지표입니다."
통신부채비율,"통신 업종의 부채비율로, 해당 산업의 재무 성과를 나타내는 지표입니다."
통신유동비율,"통신 업종의 유동비율로, 해당 산업의 재무 성과를 나타내는 지표입니다."
통신매출액,"통신 업종의 매출액로, 해당 산업의 재무 성과를 나타내는 지표입니다."
에너지주가,"에너지 업종의 주가로, 해당 산업의 재무 성과를 나타내는 지표입니다."
에너지수익률,"에너지 업종의 수익률로, 해당 산업의 재무 성과를 나타내는 지표입니다."
에너지성장률,"에너지 업종의 성장률로, 해당 산업의 재무 성과를 나타내는 지표입니다."
에너지이익률,"에너지 업종의 이익률로, 해당 산업의 재무 성과를 나타내는 지표입니다."
에너지PER,"에너지 업종의 PER로, 해당 산업의 재무 성과를 나타내는 지표입니다."
에너지PBR,"에너지 업종의 PBR로, 해당 산업의 재무 성과를 나타내는 지표입니다."
에너지ROE,"에너지 업종의 ROE로, 해당 산업의 재무 성과를 나타내는 지표입니다."
에너지부채비율,"에너지 업종의 부채비율로, 해당 산업의 재무 성과를 나타내는 지표입니다."
에너지유동비율,"에너지 업종의 유동비율로, 해당 산업의 재무 성과를 나타내는 지표입니다."
에너지매출액,"에너지 업종의 매출액로, 해당 산업의 재무 성과를 나타내는 지표입니다."
식품주가,"식품 업종의 주가로, 해당 산업의 재무 성과를 나타내는 지표입니다."
식품수익률,"식품 업종의 수익률로, 해당 산업의 재무 성과를 나타내는 지표입니다."
식품성장률,"식품 업종의 성장률로, 해당 산업의 재무 성과를 나타내는 지표입니다."
식품이익률,"식품 업종의 이익률로, 해당 산업의 재무 성과를 나타내는 지표입니다."
식품PER,"식품 업종의 PER로, 해당 산업의 재무 성과를 나타내는 지표입니다."
식품PBR,"식품 업종의 PBR로, 해당 산업의 재무 성과를 나타내는 지표입니다."
식품ROE,"식품 업종의 ROE로, 해당 산업의 재무 성과를 나타내는 지표입니다."
식품부채비율,"식품 업종의 부채비율로, 해당 산업의 재무 성과를 나타내는 지표입니다."
식품유동비율,"식품 업종의 유동비율로, 해당 산업의 재무 성과를 나타내는 지표입니다."
식품매출액,"식품 업종의 매출액로, 해당 산업의 재무 성과를 나타내는 지표입니다."
의료주가,"의료 업종의 주가로, 해당 산업의 재무 성과를 나타내는 지표입니다."
의료수익률,"의료 업종의 수익률로, 해당 산업의 재무 성과를 나타내는 지표입니다."
의료성장률,"의료 업종의 성장률로, 해당 산업의 재무 성과를 나타내는 지표입니다."
의료이익률,"의료 업종의 이익률로, 해당 산업의 재무 성과를 나타내는 지표입니다."
의료PER,"의료 업종의 PER로, 해당 산업의 재무 성과를 나타내는 지표입니다."
의료PBR,"의료 업종의 PBR로, 해당 산업의 재무 성과를 나타내는 지표입니다."
의료ROE,"의료 업종의 ROE로, 해당 산업의 재무 성과를 나타내는 지표입니다."
의료부채비율,"의료 업종의 부채비율로, 해당 산업의 재무 성과를 나타내는 지표입니다."
의료유동비율,"의료 업종의 유동비율로, 해당 산업의 재무 성과를 나타내는 지표입니다."
의료매출액,"의료 업종의 매출액로, 해당 산업의 재무 성과를 나타내는 지표입니다."
교육주가,"교육 업종의 주가로, 해당 산업의 재무 성과를 나타내는 지표입니다."
교육수익률,"교육 업종의 수익률로, 해당 산업의 재무 성과를 나타내는 지표입니다."
교육성장률,"교육 업종의 성장률로, 해당 산업의 재무 성과를 나타내는 지표입니다."
교육이익률,"교육 업종의 이익률로, 해당 산업의 재무 성과를 나타내는 지표입니다."
교육PER,"교육 업종의 PER로, 해당 산업의 재무 성과를 나타내는 지표입니다."
교육PBR,"교육 업종의 PBR로, 해당 산업의 재무 성과를 나타내는 지표입니다."
교육ROE,"교육 업종의 ROE로, 해당 산업의 재무 성과를 나타내는 지표입니다."
교육부채비율,"교육 업종의 부채비율로, 해당 산업의 재무 성과를 나타내는 지표입니다."
교육유동비율,"교육 업종의 유동비율로, 해당 산업의 재무 성과를 나타내는 지표입니다."
교육매출액,"교육 업종의 매출액로, 해당 산업의 재무 성과를 나타내는 지표입니다."
엔터테인먼트주가,"엔터테인먼트 업종의 주가로, 해당 산업의 재무 성과를 나타내는 지표입니다."
엔터테인먼트수익률,"엔터테인먼트 업종의 수익률로, 해당 산업의 재무 성과를 나타내는 지표입니다."
엔터테인먼트성장률,"엔터테인먼트 업종의 성장률로, 해당 산업의 재무 성과를 나타내는 지표입니다."
엔터테인먼트이익률,"엔터테인먼트 업종의 이익률로, 해당 산업의 재무 성과를 나타내는 지표입니다."
엔터테인먼트PER,"엔터테인먼트 업종의 PER로, 해당 산업의 재무 성과를 나타내는 지표입니다."
엔터테인먼트PBR,"엔터테인먼트 업종의 PBR로, 해당 산업의 재무 성과를 나타내는 지표입니다."
엔터테인먼트ROE,"엔터테인먼트 업종의 ROE로, 해당 산업의 재무 성과를 나타내는 지표입니다."
엔터테인먼트부채비율,"엔터테인먼트 업종의 부채비율로, 해당 산업의 재무 성과를 나타내는 지표입니다."
엔터테인먼트유동비율,"엔터테인먼트 업종의 유동비율로, 해당 산업의 재무 성과를 나타내는 지표입니다."
엔터테인먼트매출액,"엔터테인먼트 업종의 매출액로, 해당 산업의 재무 성과를 나타내는 지표입니다."
게임주가,"게임 업종의 주가로, 해당 산업의 재무 성과를 나타내는 지표입니다."
게임수익률,"게임 업종의 수익률로, 해당 산업의 재무 성과를 나타내는 지표입니다."
게임성장률,"게임 업종의 성장률로, 해당 산업의 재무 성과를 나타내는 지표입니다."
게임이익률,"게임 업종의 이익률로, 해당 산업의 재무 성과를 나타내는 지표입니다."
게임PER,"게임 업종의 PER로, 해당 산업의 재무 성과를 나타내는 지표입니다."
게임PBR,"게임 업종의 PBR로, 해당 산업의 재무 성과를 나타내는 지표입니다."
게임ROE,"게임 업종의 ROE로, 해당 산업의 재무 성과를 나타내는 지표입니다."
게임부채비율,"게임 업종의 부채비율로, 해당 산업의 재무 성과를 나타내는 지표입니다."
게임유동비율,"게임 업종의 유동비율로, 해당 산업의 재무 성과를 나타내는 지표입니다."
게임매출액,"게임 업종의 매출액로, 해당 산업의 재무 성과를 나타내는 지표입니다."
가치주식분석,"가치 전략을 활용한 주식 분석 기법으로, 투자 수익을 극대화하기 위한 방법론입니다."
가치주식선별,"가치 전략을 활용한 주식 선별 기법으로, 투자 수익을 극대화하기 위한 방법론입니다."
가치주식포트폴리오,"가치 전략을 활용한 주식 포트폴리오 기법으로, 투자 수익을 극대화하기 위한 방법론입니다."
가치주식리밸런싱,"가치 전략을 활용한 주식 리밸런싱 기법으로, 투자 수익을 극대화하기 위한 방법론입니다."
가치주식최적화,"가치 전략을 활용한 주식 최적화 기법으로, 투자 수익을 극대화하기 위한 방법론입니다."
가치채권분석,"가치 전략을 활용한 채권 분석 기법으로, 투자 수익을 극대화하기 위한 방법론입니다."
가치채권선별,"가치 전략을 활용한 채권 선별 기법으로, 투자 수익을 극대화하기 위한 방법론입니다."
가치채권포트폴리오,"가치 전략을 활용한 채권 포트폴리오 기법으로, 투자 수익을 극대화하기 위한 방법론입니다."
가치채권리밸런싱,"가치 전략을 활용한 채권 리밸런싱 기법으로, 투자 수익을 극대화하기 위한 방법론입니다."
가치채권최적화,"가치 전략을 활용한 채권 최적화 기법으로, 투자 수익을 극대화하기 위한 방법론입니다."
가치원자재분석,"가치 전략을 활용한 원자재 분석 기법으로, 투자 수익을 극대화하기 위한 방법론입니다."
가치원자재선별,"가치 전략을 활용한 원자재 선별 기법으로, 투자 수익을 극대화하기 위한 방법론입니다."
가치원자재포트폴리오,"가치 전략을 활용한 원자재 포트폴리오 기법으로, 투자 수익을 극대화하기 위한 방법론입니다."
가치원자재리밸런싱,"가치 전략을 활용한 원자재 리밸런싱 기법으로, 투자 수익을 극대화하기 위한 방법론입니다."
가치원자재최적화,"가치 전략을 활용한 원자재 최적화 기법으로, 투자 수익을 극대화하기 위한 방법론입니다."
가치부동산분석,"가치 전략을 활용한 부동산 분석 기법으로, 투자 수익을 극대화하기 위한 방법론입니다."
가치부동산선별,"가치 전략을 활용한 부동산 선별 기법으로, 투자 수익을 극대화하기 위한 방법론입니다."
가치부동산포트폴리오,"가치 전략을 활용한 부동산 포트폴리오 기법으로, 투자 수익을 극대화하기 위한 방법론입니다."
가치부동산리밸런싱,"가치 전략을 활용한 부동산 리밸런싱 기법으로, 투자 수익을 극대화하기 위한 방법론입니다."
가치부동산최적화,"가치 전략을 활용한 부동산 최적화 기법으로, 투자 수익을 극대화하기 위한 방법론입니다."
성장주식분석,"성장 전략을 활용한 주식 분석 기법으로, 투자 수익을 극대화하기 위한 방법론입니다."
성장주식선별,"성장 전략을 활용한 주식 선별 기법으로, 투자 수익을 극대화하기 위한 방법론입니다."
성장주식포트폴리오,"성장 전략을 활용한 주식 포트폴리오 기법으로, 투자 수익을 극대화하기 위한 방법론입니다."
성장주식리밸런싱,"성장 전략을 활용한 주식 리밸런싱 기법으로, 투자 수익을 극대화하기 위한 방법론입니다."
성장주식최적화,"성장 전략을 활용한 주식 최적화 기법으로, 투자 수익을 극대화하기 위한 방법론입니다."
성장채권분석,"성장 전략을 활용한 채권 분석 기법으로, 투자 수익을 극대화하기 위한 방법론입니다."
성장채권선별,"성장 전략을 활용한 채권 선별 기법으로, 투자 수익을 극대화하기 위한 방법론입니다."
성장채권포트폴리오,"성장 전략을 활용한 채권 포트폴리오 기법으로, 투자 수익을 극대화하기 위한 방법론입니다."
성장채권리밸런싱,"성장 전략을 활용한 채권 리밸런싱 기법으로, 투자 수익을 극대화하기 위한 방법론입니다."
성장채권최적화,"성장 전략을 활용한 채권 최적화 기법으로, 투자 수익을 극대화하기 위한 방법론입니다."
성장원자재분석,"성장 전략을 활용한 원자재 분석 기법으로, 투자 수익을 극대화하기 위한 방법론입니다."
성장원자재선별,"성장 전략을 활용한 원자재 선별 기법으로, 투자 수익을 극대화하기 위한 방법론입니다."
성장원자재포트폴리오,"성장 전략을 활용한 원자재 포트폴리오 기법으로, 투자 수익을 극대화하기 위한 방법론입니다."
성장원자재리밸런싱,"성장 전략을 활용한 원자재 리밸런싱 기법으로, 투자 수익을 극대화하기 위한 방법론입니다."
성장원자재최적화,"성장 전략을 활용한 원자재 최적화 기법으로, 투자 수익을 극대화하기 위한 방법론입니다."
성장부동산분석,"성장 전략을 활용한 부동산 분석 기법으로, 투자 수익을 극대화하기 위한 방법론입니다."
성장부동산선별,"성장 전략을 활용한 부동산 선별 기법으로, 투자 수익을 극대화하기 위한 방법론입니다."
성장부동산포트폴리오,"성장 전략을 활용한 부동산 포트폴리오 기법으로, 투자 수익을 극대화하기 위한 방법론입니다."
성장부동산리밸런싱,"성장 전략을 활용한 부동산 리밸런싱 기법으로, 투자 수익을 극대화하기 위한 방법론입니다."
성장부동산최적화,"성장 전략을 활용한 부동산 최적화 기법으로, 투자 수익을 극대화하기 위한 방법론입니다."
배당주식분석,"배당 전략을 활용한 주식 분석 기법으로, 투자 수익을 극대화하기 위한 방법론입니다."
배당주식선별,"배당 전략을 활용한 주식 선별 기법으로, 투자 수익을 극대화하기 위한 방법론입니다."
배당주식포트폴리오,"배당 전략을 활용한 주식 포트폴리오 기법으로, 투자 수익을 극대화하기 위한 방법론입니다."
배당주식리밸런싱,"배당 전략을 활용한 주식 리밸런싱 기법으로, 투자 수익을 극대화하기 위한 방법론입니다."
배당주식최적화,"배당 전략을 활용한 주식 최적화 기법으로, 투자 수익을 극대화하기 위한 방법론입니다."
배당채권분석,"배당 전략을 활용한 채권 분석 기법으로, 투자 수익을 극대화하기 위한 방법론입니다."
배당채권선별,"배당 전략을 활용한 채권 선별 기법으로, 투자 수익을 극대화하기 위한 방법론입니다."
배당채권포트폴리오,"배당 전략을 활용한 채권 포트폴리오 기법으로, 투자 수익을 극대화하기 위한 방법론입니다."
배당채권리밸런싱,"배당 전략을 활용한 채권 리밸런싱 기법으로, 투자 수익을 극대화하기 위한 방법론입니다."
배당채권최적화,"배당 전략을 활용한 채권 최적화 기법으로, 투자 수익을 극대화하기 위한 방법론입니다."
배당원자재분석,"배당 전략을 활용한 원자재 분석 기법으로, 투자 수익을 극대화하기 위한 방법론입니다."
배당원자재선별,"배당 전략을 활용한 원자재 선별 기법으로, 투자 수익을 극대화하기 위한 방법론입니다."
배당원자재포트폴리오,"배당 전략을 활용한 원자재 포트폴리오 기법으로, 투자 수익을 극대화하기 위한 방법론입니다."
배당원자재리밸런싱,"배당 전략을 활용한 원자재 리밸런싱 기법으로, 투자 수익을 극대화하기 위한 방법론입니다."
배당원자재최적화,"배당 전략을 활용한 원자재 최적화 기법으로, 투자 수익을 극대화하기 위한 방법론입니다."
배당부동산분석,"배당 전략을 활용한 부동산 분석 기법으로, 투자 수익을 극대화하기 위한 방법론입니다."
배당부동산선별,"배당 전략을 활용한 부동산 선별 기법으로, 투자 수익을 극대화하기 위한 방법론입니다."
배당부동산포트폴리오,"배당 전략을 활용한 부동산 포트폴리오 기법으로, 투자 수익을 극대화하기 위한 방법론입니다."
배당부동산리밸런싱,"배당 전략을 활용한 부동산 리밸런싱 기법으로, 투자 수익을 극대화하기 위한 방법론입니다."
배당부동산최적화,"배당 전략을 활용한 부동산 최적화 기법으로, 투자 수익을 극대화하기 위한 방법론입니다."
모멘텀주식분석,"모멘텀 전략을 활용한 주식 분석 기법으로, 투자 수익을 극대화하기 위한 방법론입니다."
모멘텀주식선별,"모멘텀 전략을 활용한 주식 선별 기법으로, 투자 수익을 극대화하기 위한 방법론입니다."
모멘텀주식포트폴리오,"모멘텀 전략을 활용한 주식 포트폴리오 기법으로, 투자 수익을 극대화하기 위한 방법론입니다."
모멘텀주식리밸런싱,"모멘텀 전략을 활용한 주식 리밸런싱 기법으로, 투자 수익을 극대화하기 위한 방법론입니다."
모멘텀주식최적화,"모멘텀 전략을 활용한 주식 최적화 기법으로, 투자 수익을 극대화하기 위한 방법론입니다."
모멘텀채권분석,"모멘텀 전략을 활용한 채권 분석 기법으로, 투자 수익을 극대화하기 위한 방법론입니다."
모멘텀채권선별,"모멘텀 전략을 활용한 채권 선별 기법으로, 투자 수익을 극대화하기 위한 방법론입니다."
모멘텀채권포트폴리오,"모멘텀 전략을 활용한 채권 포트폴리오 기법으로, 투자 수익을 극대화하기 위한 방법론입니다."
모멘텀채권리밸런싱,"모멘텀 전략을 활용한 채권 리밸런싱 기법으로, 투자 수익을 극대화하기 위한 방법론입니다."
모멘텀채권최적화,"모멘텀 전략을 활용한 채권 최적화 기법으로, 투자 수익을 극대화하기 위한 방법론입니다."
모멘텀원자재분석,"모멘텀 전략을 활용한 원자재 분석 기법으로, 투자 수익을 극대화하기 위한 방법론입니다."
모멘텀원자재선별,"모멘텀 전략을 활용한 원자재 선별 기법으로, 투자 수익을 극대화하기 위한 방법론입니다."
모멘텀원자재포트폴리오,"모멘텀 전략을 활용한 원자재 포트폴리오 기법으로, 투자 수익을 극대화하기 위한 방법론입니다."
모멘텀원자재리밸런싱,"모멘텀 전략을 활용한 원자재 리밸런싱 기법으로, 투자 수익을 극대화하기 위한 방법론입니다."
모멘텀원자재최적화,"모멘텀 전략을 활용한 원자재 최적화 기법으로, 투자 수익을 극대화하기 위한 방법론입니다."
모멘텀부동산분석,"모멘텀 전략을 활용한 부동산 분석 기법으로, 투자 수익을 극대화하기 위한 방법론입니다."
모멘텀부동산선별,"모멘텀 전략을 활용한 부동산 선별 기법으로, 투자 수익을 극대화하기 위한 방법론입니다."
모멘텀부동산포트폴리오,"모멘텀 전략을 활용한 부동산 포트폴리오 기법으로, 투자 수익을 극대화하기 위한 방법론입니다."
모멘텀부동산리밸런싱,"모멘텀 전략을 활용한 부동산 리밸런싱 기법으로, 투자 수익을 극대화하기 위한 방법론입니다."
모멘텀부동산최적화,"모멘텀 전략을 활용한 부동산 최적화 기법으로, 투자 수익을 극대화하기 위한 방법론입니다."
퀀트주식분석,"퀀트 전략을 활용한 주식 분석 기법으로, 투자 수익을 극대화하기 위한 방법론입니다."
퀀트주식선별,"퀀트 전략을 활용한 주식 선별 기법으로, 투자 수익을 극대화하기 위한 방법론입니다."
퀀트주식포트폴리오,"퀀트 전략을 활용한 주식 포트폴리오 기법으로, 투자 수익을 극대화하기 위한 방법론입니다."
퀀트주식리밸런싱,"퀀트 전략을 활용한 주식 리밸런싱 기법으로, 투자 수익을 극대화하기 위한 방법론입니다."
퀀트주식최적화,"퀀트 전략을 활용한 주식 최적화 기법으로, 투자 수익을 극대화하기 위한 방법론입니다."
퀀트채권분석,"퀀트 전략을 활용한 채권 분석 기법으로, 투자 수익을 극대화하기 위한 방법론입니다."
퀀트채권선별,"퀀트 전략을 활용한 채권 선별 기법으로, 투자 수익을 극대화하기 위한 방법론입니다."
퀀트채권포트폴리오,"퀀트 전략을 활용한 채권 포트폴리오 기법으로, 투자 수익을 극대화하기 위한 방법론입니다."
퀀트채권리밸런싱,"퀀트 전략을 활용한 채권 리밸런싱 기법으로, 투자 수익을 극대화하기 위한 방법론입니다."
퀀트채권최적화,"퀀트 전략을 활용한 채권 최적화 기법으로, 투자 수익을 극대화하기 위한 방법론입니다."
퀀트원자재분석,"퀀트 전략을 활용한 원자재 분석 기법으로, 투자 수익을 극대화하기 위한 방법론입니다."
퀀트원자재선별,"퀀트 전략을 활용한 원자재 선별 기법으로, 투자 수익을 극대화하기 위한 방법론입니다."
퀀트원자재포트폴리오,"퀀트 전략을 활용한 원자재 포트폴리오 기법으로, 투자 수익을 극대화하기 위한 방법론입니다."
퀀트원자재리밸런싱,"퀀트 전략을 활용한 원자재 리밸런싱 기법으로, 투자 수익을 극대화하기 위한 방법론입니다."
퀀트원자재최적화,"퀀트 전략을 활용한 원자재 최적화 기법으로, 투자 수익을 극대화하기 위한 방법론입니다."
퀀트부동산분석,"퀀트 전략을 활용한 부동산 분석 기법으로, 투자 수익을 극대화하기 위한 방법론입니다."
퀀트부동산선별,"퀀트 전략을 활용한 부동산 선별 기법으로, 투자 수익을 극대화하기 위한 방법론입니다."
퀀트부동산포트폴리오,"퀀트 전략을 활용한 부동산 포트폴리오 기법으로, 투자 수익을 극대화하기 위한 방법론입니다."
퀀트부동산리밸런싱,"퀀트 전략을 활용한 부동산 리밸런싱 기법으로, 투자 수익을 극대화하기 위한 방법론입니다."
퀀트부동산최적화,"퀀트 전략을 활용한 부동산 최적화 기법으로, 투자 수익을 극대화하기 위한 방법론입니다."
이벤트드리븐주식분석,"이벤트드리븐 전략을 활용한 주식 분석 기법으로, 투자 수익을 극대화하기 위한 방법론입니다."
이벤트드리븐주식선별,"이벤트드리븐 전략을 활용한 주식 선별 기법으로, 투자 수익을 극대화하기 위한 방법론입니다."
이벤트드리븐주식포트폴리오,"이벤트드리븐 전략을 활용한 주식 포트폴리오 기법으로, 투자 수익을 극대화하기 위한 방법론입니다."
이벤트드리븐주식리밸런싱,"이벤트드리븐 전략을 활용한 주식 리밸런싱 기법으로, 투자 수익을 극대화하기 위한 방법론입니다."
이벤트드리븐주식최적화,"이벤트드리븐 전략을 활용한 주식 최적화 기법으로, 투자 수익을 극대화하기 위한 방법론입니다."
이벤트드리븐채권분석,"이벤트드리븐 전략을 활용한 채권 분석 기법으로, 투자 수익을 극대화하기 위한 방법론입니다."
이벤트드리븐채권선별,"이벤트드리븐 전략을 활용한 채권 선별 기법으로, 투자 수익을 극대화하기 위한 방법론입니다."
이벤트드리븐채권포트폴리오,"이벤트드리븐 전략을 활용한 채권 포트폴리오 기법으로, 투자 수익을 극대화하기 위한 방법론입니다."
이벤트드리븐채권리밸런싱,"이벤트드리븐 전략을 활용한 채권 리밸런싱 기법으로, 투자 수익을 극대화하기 위한 방법론입니다."
이벤트드리븐채권최적화,"이벤트드리븐 전략을 활용한 채권 최적화 기법으로, 투자 수익을 극대화하기 위한 방법론입니다."
이벤트드리븐원자재분석,"이벤트드리븐 전략을 활용한 원자재 분석 기법으로, 투자 수익을 극대화하기 위한 방법론입니다."
이벤트드리븐원자재선별,"이벤트드리븐 전략을 활용한 원자재 선별 기법으로, 투자 수익을 극대화하기 위한 방법론입니다."
이벤트드리븐원자재포트폴리오,"이벤트드리븐 전략을 활용한 원자재 포트폴리오 기법으로, 투자 수익을 극대화하기 위한 방법론입니다."
이벤트드리븐원자재리밸런싱,"이벤트드리븐 전략을 활용한 원자재 리밸런싱 기법으로, 투자 수익을 극대화하기 위한 방법론입니다."
이벤트드리븐원자재최적화,"이벤트드리븐 전략을 활용한 원자재 최적화 기법으로, 투자 수익을 극대화하기 위한 방법론입니다."
이벤트드리븐부동산분석,"이벤트드리븐 전략을 활용한 부동산 분석 기법으로, 투자 수익을 극대화하기 위한 방법론입니다."
이벤트드리븐부동산선별,"이벤트드리븐 전략을 활용한 부동산 선별 기법으로, 투자 수익을 극대화하기 위한 방법론입니다."
이벤트드리븐부동산포트폴리오,"이벤트드리븐 전략을 활용한 부동산 포트폴리오 기법으로, 투자 수익을 극대화하기 위한 방법론입니다."
이벤트드리븐부동산리밸런싱,"이벤트드리븐 전략을 활용한 부동산 리밸런싱 기법으로, 투자 수익을 극대화하기 위한 방법론입니다."
이벤트드리븐부동산최적화,"이벤트드리븐 전략을 활용한 부동산 최적화 기법으로, 투자 수익을 극대화하기 위한 방법론입니다."
시장리스크측정지표,"시장 리스크를 측정하기 위한 지표로, 금융기관의 리스크 관리에 활용됩니다."
시장리스크측정모델,"시장 리스크를 측정하기 위한 모델로, 금융기관의 리스크 관리에 활용됩니다."
시장리스크측정시스템,"시장 리스크를 측정하기 위한 시스템로, 금융기관의 리스크 관리에 활용됩니다."
시장리스크관리지표,"시장 리스크를 관리하기 위한 지표로, 금융기관의 리스크 관리에 활용됩니다."
시장리스크관리모델,"시장 리스크를 관리하기 위한 모델로, 금융기관의 리스크 관리에 활용됩니다."
시장리스크관리시스템,"시장 리스크를 관리하기 위한 시스템로, 금융기관의 리스크 관리에 활용됩니다."
시장리스크헤지지표,"시장 리스크를 헤지하기 위한 지표로, 금융기관의 리스크 관리에 활용됩니다."
시장리스크헤지모델,"시장 리스크를 헤지하기 위한 모델로, 금융기관의 리스크 관리에 활용됩니다."
시장리스크헤지시스템,"시장 리스크를 헤지하기 위한 시스템로, 금융기관의 리스크 관리에 활용됩니다."
시장리스크회피지표,"시장 리스크를 회피하기 위한 지표로, 금융기관의 리스크 관리에 활용됩니다."
시장리스크회피모델,"시장 리스크를 회피하기 위한 모델로, 금융기관의 리스크 관리에 활용됩니다."
시장리스크회피시스템,"시장 리스크를 회피하기 위한 시스템로, 금융기관의 리스크 관리에 활용됩니다."
시장리스크전가지표,"시장 리스크를 전가하기 위한 지표로, 금융기관의 리스크 관리에 활용됩니다."
시장리스크전가모델,"시장 리스크를 전가하기 위한 모델로, 금융기관의 리스크 관리에 활용됩니다."
시장리스크전가시스템,"시장 리스크를 전가하기 위한 시스템로, 금융기관의 리스크 관리에 활용됩니다."
시장리스크감소지표,"시장 리스크를 감소하기 위한 지표로, 금융기관의 리스크 관리에 활용됩니다."
시장리스크감소모델,"시장 리스크를 감소하기 위한 모델로, 금융기관의 리스크 관리에 활용됩니다."
시장리스크감소시스템,"시장 리스크를 감소하기 위한 시스템로, 금융기관의 리스크 관리에 활용됩니다."
시장리스크모니터링지표,"시장 리스크를 모니터링하기 위한 지표로, 금융기관의 리스크 관리에 활용됩니다."
시장리스크모니터링모델,"시장 리스크를 모니터링하기 위한 모델로, 금융기관의 리스크 관리에 활용됩니다."
시장리스크모니터링시스템,"시장 리스크를 모니터링하기 위한 시스템로, 금융기관의 리스크 관리에 활용됩니다."
시장리스크평가지표,"시장 리스크를 평가하기 위한 지표로, 금융기관의 리스크 관리에 활용됩니다."
시장리스크평가모델,"시장 리스크를 평가하기 위한 모델로, 금융기관의 리스크 관리에 활용됩니다."
시장리스크평가시스템,"시장 리스크를 평가하기 위한 시스템로, 금융기관의 리스크 관리에 활용됩니다."
신용리스크측정지표,"신용 리스크를 측정하기 위한 지표로, 금융기관의 리스크 관리에 활용됩니다."
신용리스크측정모델,"신용 리스크를 측정하기 위한 모델로, 금융기관의 리스크 관리에 활용됩니다."
신용리스크측정시스템,"신용 리스크를 측정하기 위한 시스템로, 금융기관의 리스크 관리에 활용됩니다."
신용리스크관리지표,"신용 리스크를 관리하기 위한 지표로, 금융기관의 리스크 관리에 활용됩니다."
신용리스크관리모델,"신용 리스크를 관리하기 위한 모델로, 금융기관의 리스크 관리에 활용됩니다."
신용리스크관리시스템,"신용 리스크를 관리하기 위한 시스템로, 금융기관의 리스크 관리에 활용됩니다."
신용리스크헤지지표,"신용 리스크를 헤지하기 위한 지표로, 금융기관의 리스크 관리에 활용됩니다."
신용리스크헤지모델,"신용 리스크를 헤지하기 위한 모델로, 금융기관의 리스크 관리에 활용됩니다."
신용리스크헤지시스템,"신용 리스크를 헤지하기 위한 시스템로, 금융기관의 리스크 관리에 활용됩니다."
신용리스크회피지표,"신용 리스크를 회피하기 위한 지표로, 금융기관의 리스크 관리에 활용됩니다."
신용리스크회피모델,"신용 리스크를 회피하기 위한 모델로, 금융기관의 리스크 관리에 활용됩니다."
신용리스크회피시스템,"신용 리스크를 회피하기 위한 시스템로, 금융기관의 리스크 관리에 활용됩니다."
신용리스크전가지표,"신용 리스크를 전가하기 위한 지표로, 금융기관의 리스크 관리에 활용됩니다."
신용리스크전가모델,"신용 리스크를 전가하기 위한 모델로, 금융기관의 리스크 관리에 활용됩니다."
신용리스크전가시스템,"신용 리스크를 전가하기 위한 시스템로, 금융기관의 리스크 관리에 활용됩니다."
신용리스크감소지표,"신용 리스크를 감소하기 위한 지표로, 금융기관의 리스크 관리에 활용됩니다."
신용리스크감소모델,"신용 리스크를 감소하기 위한 모델로, 금융기관의 리스크 관리에 활용됩니다."
신용리스크감소시스템,"신용 리스크를 감소하기 위한 시스템로, 금융기관의 리스크 관리에 활용됩니다."
신용리스크모니터링지표,"신용 리스크를 모니터링하기 위한 지표로, 금융기관의 리스크 관리에 활용됩니다."
신용리스크모니터링모델,"신용 리스크를 모니터링하기 위한 모델로, 금융기관의 리스크 관리에 활용됩니다."
신용리스크모니터링시스템,"신용 리스크를 모니터링하기 위한 시스템로, 금융기관의 리스크 관리에 활용됩니다."
신용리스크평가지표,"신용 리스크를 평가하기 위한 지표로, 금융기관의 리스크 관리에 활용됩니다."
신용리스크평가모델,"신용 리스크를 평가하기 위한 모델로, 금융기관의 리스크 관리에 활용됩니다."
신용리스크평가시스템,"신용 리스크를 평가하기 위한 시스템로, 금융기관의 리스크 관리에 활용됩니다."
유동성리스크측정지표,"유동성 리스크를 측정하기 위한 지표로, 금융기관의 리스크 관리에 활용됩니다."
유동성리스크측정모델,"유동성 리스크를 측정하기 위한 모델로, 금융기관의 리스크 관리에 활용됩니다."
유동성리스크측정시스템,"유동성 리스크를 측정하기 위한 시스템로, 금융기관의 리스크 관리에 활용됩니다."
유동성리스크관리지표,"유동성 리스크를 관리하기 위한 지표로, 금융기관의 리스크 관리에 활용됩니다."
유동성리스크관리모델,"유동성 리스크를 관리하기 위한 모델로, 금융기관의 리스크 관리에 활용됩니다."
유동성리스크관리시스템,"유동성 리스크를 관리하기 위한 시스템로, 금융기관의 리스크 관리에 활용됩니다."
유동성리스크헤지지표,"유동성 리스크를 헤지하기 위한 지표로, 금융기관의 리스크 관리에 활용됩니다."
유동성리스크헤지모델,"유동성 리스크를 헤지하기 위한 모델로, 금융기관의 리스크 관리에 활용됩니다."
유동성리스크헤지시스템,"유동성 리스크를 헤지하기 위한 시스템로, 금융기관의 리스크 관리에 활용됩니다."
유동성리스크회피지표,"유동성 리스크를 회피하기 위한 지표로, 금융기관의 리스크 관리에 활용됩니다."
유동성리스크회피모델,"유동성 리스크를 회피하기 위한 모델로, 금융기관의 리스크 관리에 활용됩니다."
유동성리스크회피시스템,"유동성 리스크를 회피하기 위한 시스템로, 금융기관의 리스크 관리에 활용됩니다."
유동성리스크전가지표,"유동성 리스크를 전가하기 위한 지표로, 금융기관의 리스크 관리에 활용됩니다."
유동성리스크전가모델,"유동성 리스크를 전가하기 위한 모델로, 금융기관의 리스크 관리에 활용됩니다."
유동성리스크전가시스템,"유동성 리스크를 전가하기 위한 시스템로, 금융기관의 리스크 관리에 활용됩니다."
유동성리스크감소지표,"유동성 리스크를 감소하기 위한 지표로, 금융기관의 리스크 관리에 활용됩니다."
유동성리스크감소모델,"유동성 리스크를 감소하기 위한 모델로, 금융기관의 리스크 관리에 활용됩니다."
유동성리스크감소시스템,"유동성 리스크를 감소하기 위한 시스템로, 금융기관의 리스크 관리에 활용됩니다."
유동성리스크모니터링지표,"유동성 리스크를 모니터링하기 위한 지표로, 금융기관의 리스크 관리에 활용됩니다."
유동성리스크모니터링모델,"유동성 리스크를 모니터링하기 위한 모델로, 금융기관의 리스크 관리에 활용됩니다."
유동성리스크모니터링시스템,"유동성 리스크를 모니터링하기 위한 시스템로, 금융기관의 리스크 관리에 활용됩니다."
유동성리스크평가지표,"유동성 리스크를 평가하기 위한 지표로, 금융기관의 리스크 관리에 활용됩니다."
유동성리스크평가모델,"유동성 리스크를 평가하기 위한 모델로, 금융기관의 리스크 관리에 활용됩니다."
유동성리스크평가시스템,"유동성 리스크를 평가하기 위한 시스템로, 금융기관의 리스크 관리에 활용됩니다."
운영리스크측정지표,"운영 리스크를 측정하기 위한 지표로, 금융기관의 리스크 관리에 활용됩니다."
운영리스크측정모델,"운영 리스크를 측정하기 위한 모델로, 금융기관의 리스크 관리에 활용됩니다."
운영리스크측정시스템,"운영 리스크를 측정하기 위한 시스템로, 금융기관의 리스크 관리에 활용됩니다."
운영리스크관리지표,"운영 리스크를 관리하기 위한 지표로, 금융기관의 리스크 관리에 활용됩니다."
운영리스크관리모델,"운영 리스크를 관리하기 위한 모델로, 금융기관의 리스크 관리에 활용됩니다."
운영리스크관리시스템,"운영 리스크를 관리하기 위한 시스템로, 금융기관의 리스크 관리에 활용됩니다."
운영리스크헤지지표,"운영 리스크를 헤지하기 위한 지표로, 금융기관의 리스크 관리에 활용됩니다."
운영리스크헤지모델,"운영 리스크를 헤지하기 위한 모델로, 금융기관의 리스크 관리에 활용됩니다."
운영리스크헤지시스템,"운영 리스크를 헤지하기 위한 시스템로, 금융기관의 리스크 관리에 활용됩니다."
운영리스크회피지표,"운영 리스크를 회피하기 위한 지표로, 금융기관의 리스크 관리에 활용됩니다."
운영리스크회피모델,"운영 리스크를 회피하기 위한 모델로, 금융기관의 리스크 관리에 활용됩니다."
운영리스크회피시스템,"운영 리스크를 회피하기 위한 시스템로, 금융기관의 리스크 관리에 활용됩니다."
운영리스크전가지표,"운영 리스크를 전가하기 위한 지표로, 금융기관의 리스크 관리에 활용됩니다."
운영리스크전가모델,"운영 리스크를 전가하기 위한 모델로, 금융기관의 리스크 관리에 활용됩니다."
운영리스크전가시스템,"운영 리스크를 전가하기 위한 시스템로, 금융기관의 리스크 관리에 활용됩니다."
운영리스크감소지표,"운영 리스크를 감소하기 위한 지표로, 금융기관의 리스크 관리에 활용됩니다."
운영리스크감소모델,"운영 리스크를 감소하기 위한 모델로, 금융기관의 리스크 관리에 활용됩니다."
운영리스크감소시스템,"운영 리스크를 감소하기 위한 시스템로, 금융기관의 리스크 관리에 활용됩니다."
운영리스크모니터링지표,"운영 리스크를 모니터링하기 위한 지표로, 금융기관의 리스크 관리에 활용됩니다."
운영리스크모니터링모델,"운영 리스크를 모니터링하기 위한 모델로, 금융기관의 리스크 관리에 활용됩니다."
운영리스크모니터링시스템,"운영 리스크를 모니터링하기 위한 시스템로, 금융기관의 리스크 관리에 활용됩니다."
운영리스크평가지표,"운영 리스크를 평가하기 위한 지표로, 금융기관의 리스크 관리에 활용됩니다."
운영리스크평가모델,"운영 리스크를 평가하기 위한 모델로, 금융기관의 리스크 관리에 활용됩니다."
운영리스크평가시스템,"운영 리스크를 평가하기 위한 시스템로, 금융기관의 리스크 관리에 활용됩니다."
법률리스크측정지표,"법률 리스크를 측정하기 위한 지표로, 금융기관의 리스크 관리에 활용됩니다."
법률리스크측정모델,"법률 리스크를 측정하기 위한 모델로, 금융기관의 리스크 관리에 활용됩니다."
법률리스크측정시스템,"법률 리스크를 측정하기 위한 시스템로, 금융기관의 리스크 관리에 활용됩니다."
법률리스크관리지표,"법률 리스크를 관리하기 위한 지표로, 금융기관의 리스크 관리에 활용됩니다."
법률리스크관리모델,"법률 리스크를 관리하기 위한 모델로, 금융기관의 리스크 관리에 활용됩니다."
법률리스크관리시스템,"법률 리스크를 관리하기 위한 시스템로, 금융기관의 리스크 관리에 활용됩니다."
법률리스크헤지지표,"법률 리스크를 헤지하기 위한 지표로, 금융기관의 리스크 관리에 활용됩니다."
법률리스크헤지모델,"법률 리스크를 헤지하기 위한 모델로, 금융기관의 리스크 관리에 활용됩니다."
법률리스크헤지시스템,"법률 리스크를 헤지하기 위한 시스템로, 금융기관의 리스크 관리에 활용됩니다."
법률리스크회피지표,"법률 리스크를 회피하기 위한 지표로, 금융기관의 리스크 관리에 활용됩니다."
법률리스크회피모델,"법률 리스크를 회피하기 위한 모델로, 금융기관의 리스크 관리에 활용됩니다."
법률리스크회피시스템,"법률 리스크를 회피하기 위한 시스템로, 금융기관의 리스크 관리에 활용됩니다."
법률리스크전가지표,"법률 리스크를 전가하기 위한 지표로, 금융기관의 리스크 관리에 활용됩니다."
법률리스크전가모델,"법률 리스크를 전가하기 위한 모델로, 금융기관의 리스크 관리에 활용됩니다."
법률리스크전가시스템,"법률 리스크를 전가하기 위한 시스템로, 금융기관의 리스크 관리에 활용됩니다."
법률리스크감소지표,"법률 리스크를 감소하기 위한 지표로, 금융기관의 리스크 관리에 활용됩니다."
법률리스크감소모델,"법률 리스크를 감소하기 위한 모델로, 금융기관의 리스크 관리에 활용됩니다."
법률리스크감소시스템,"법률 리스크를 감소하기 위한 시스템로, 금융기관의 리스크 관리에 활용됩니다."
법률리스크모니터링지표,"법률 리스크를 모니터링하기 위한 지표로, 금융기관의 리스크 관리에 활용됩니다."
법률리스크모니터링모델,"법률 리스크를 모니터링하기 위한 모델로, 금융기관의 리스크 관리에 활용됩니다."
법률리스크모니터링시스템,"법률 리스크를 모니터링하기 위한 시스템로, 금융기관의 리스크 관리에 활용됩니다."
법률리스크평가지표,"법률 리스크를 평가하기 위한 지표로, 금융기관의 리스크 관리에 활용됩니다."
법률리스크평가모델,"법률 리스크를 평가하기 위한 모델로, 금융기관의 리스크 관리에 활용됩니다."
법률리스크평가시스템,"법률 리스크를 평가하기 위한 시스템로, 금융기관의 리스크 관리에 활용됩니다."
평판리스크측정지표,"평판 리스크를 측정하기 위한 지표로, 금융기관의 리스크 관리에 활용됩니다."
평판리스크측정모델,"평판 리스크를 측정하기 위한 모델로, 금융기관의 리스크 관리에 활용됩니다."
평판리스크측정시스템,"평판 리스크를 측정하기 위한 시스템로, 금융기관의 리스크 관리에 활용됩니다."
평판리스크관리지표,"평판 리스크를 관리하기 위한 지표로, 금융기관의 리스크 관리에 활용됩니다."
평판리스크관리모델,"평판 리스크를 관리하기 위한 모델로, 금융기관의 리스크 관리에 활용됩니다."
평판리스크관리시스템,"평판 리스크를 관리하기 위한 시스템로, 금융기관의 리스크 관리에 활용됩니다."
평판리스크헤지지표,"평판 리스크를 헤지하기 위한 지표로, 금융기관의 리스크 관리에 활용됩니다."
평판리스크헤지모델,"평판 리스크를 헤지하기 위한 모델로, 금융기관의 리스크 관리에 활용됩니다."
평판리스크헤지시스템,"평판 리스크를 헤지하기 위한 시스템로, 금융기관의 리스크 관리에 활용됩니다."
평판리스크회피지표,"평판 리스크를 회피하기 위한 지표로, 금융기관의 리스크 관리에 활용됩니다."
평판리스크회피모델,"평판 리스크를 회피하기 위한 모델로, 금융기관의 리스크 관리에 활용됩니다."
평판리스크회피시스템,"평판 리스크를 회피하기 위한 시스템로, 금융기관의 리스크 관리에 활용됩니다."
평판리스크전가지표,"평판 리스크를 전가하기 위한 지표로, 금융기관의 리스크 관리에 활용됩니다."
평판리스크전가모델,"평판 리스크를 전가하기 위한 모델로, 금융기관의 리스크 관리에 활용됩니다."
평판리스크전가시스템,"평판 리스크를 전가하기 위한 시스템로, 금융기관의 리스크 관리에 활용됩니다."
평판리스크감소지표,"평판 리스크를 감소하기 위한 지표로, 금융기관의 리스크 관리에 활용됩니다."
평판리스크감소모델,"평판 리스크를 감소하기 위한 모델로, 금융기관의 리스크 관리에 활용됩니다."
평판리스크감소시스템,"평판 리스크를 감소하기 위한 시스템로, 금융기관의 리스크 관리에 활용됩니다."
평판리스크모니터링지표,"평판 리스크를 모니터링하기 위한 지표로, 금융기관의 리스크 관리에 활용됩니다."
평판리스크모니터링모델,"평판 리스크를 모니터링하기 위한 모델로, 금융기관의 리스크 관리에 활용됩니다."
평판리스크모니터링시스템,"평판 리스크를 모니터링하기 위한 시스템로, 금융기관의 리스크 관리에 활용됩니다."
평판리스크평가지표,"평판 리스크를 평가하기 위한 지표로, 금융기관의 리스크 관리에 활용됩니다."
평판리스크평가모델,"평판 리스크를 평가하기 위한 모델로, 금융기관의 리스크 관리에 활용됩니다."
평판리스크평가시스템,"평판 리스크를 평가하기 위한 시스템로, 금융기관의 리스크 관리에 활용됩니다."
시스템리스크측정지표,"시스템 리스크를 측정하기 위한 지표로, 금융기관의 리스크 관리에 활용됩니다."
시스템리스크측정모델,"시스템 리스크를 측정하기 위한 모델로, 금융기관의 리스크 관리에 활용됩니다."
시스템리스크측정시스템,"시스템 리스크를 측정하기 위한 시스템로, 금융기관의 리스크 관리에 활용됩니다."
시스템리스크관리지표,"시스템 리스크를 관리하기 위한 지표로, 금융기관의 리스크 관리에 활용됩니다."
시스템리스크관리모델,"시스템 리스크를 관리하기 위한 모델로, 금융기관의 리스크 관리에 활용됩니다."
시스템리스크관리시스템,"시스템 리스크를 관리하기 위한 시스템로, 금융기관의 리스크 관리에 활용됩니다."
시스템리스크헤지지표,"시스템 리스크를 헤지하기 위한 지표로, 금융기관의 리스크 관리에 활용됩니다."
시스템리스크헤지모델,"시스템 리스크를 헤지하기 위한 모델로, 금융기관의 리스크 관리에 활용됩니다."
시스템리스크헤지시스템,"시스템 리스크를 헤지하기 위한 시스템로, 금융기관의 리스크 관리에 활용됩니다."
시스템리스크회피지표,"시스템 리스크를 회피하기 위한 지표로, 금융기관의 리스크 관리에 활용됩니다."
시스템리스크회피모델,"시스템 리스크를 회피하기 위한 모델로, 금융기관의 리스크 관리에 활용됩니다."
시스템리스크회피시스템,"시스템 리스크를 회피하기 위한 시스템로, 금융기관의 리스크 관리에 활용됩니다."
시스템리스크전가지표,"시스템 리스크를 전가하기 위한 지표로, 금융기관의 리스크 관리에 활용됩니다."
시스템리스크전가모델,"시스템 리스크를 전가하기 위한 모델로, 금융기관의 리스크 관리에 활용됩니다."
시스템리스크전가시스템,"시스템 리스크를 전가하기 위한 시스템로, 금융기관의 리스크 관리에 활용됩니다."
시스템리스크감소지표,"시스템 리스크를 감소하기 위한 지표로, 금융기관의 리스크 관리에 활용됩니다."
시스템리스크감소모델,"시스템 리스크를 감소하기 위한 모델로, 금융기관의 리스크 관리에 활용됩니다."
시스템리스크감소시스템,"시스템 리스크를 감소하기 위한 시스템로, 금융기관의 리스크 관리에 활용됩니다."
시스템리스크모니터링지표,"시스템 리스크를 모니터링하기 위한 지표로, 금융기관의 리스크 관리에 활용됩니다."
시스템리스크모니터링모델,"시스템 리스크를 모니터링하기 위한 모델로, 금융기관의 리스크 관리에 활용됩니다."
시스템리스크모니터링시스템,"시스템 리스크를 모니터링하기 위한 시스템로, 금융기관의 리스크 관리에 활용됩니다."
시스템리스크평가지표,"시스템 리스크를 평가하기 위한 지표로, 금융기관의 리스크 관리에 활용됩니다."
시스템리스크평가모델,"시스템 리스크를 평가하기 위한 모델로, 금융기관의 리스크 관리에 활용됩니다."
시스템리스크평가시스템,"시스템 리스크를 평가하기 위한 시스템로, 금융기관의 리스크 관리에 활용됩니다."
AAA등급고정금리국채,"신용등급 AAA의 고정금리 국채로, 발행 주체와 금리 구조에 따라 분류됩니다."
AA등급고정금리국채,"신용등급 AA의 고정금리 국채로, 발행 주체와 금리 구조에 따라 분류됩니다."
A등급고정금리국채,"신용등급 A의 고정금리 국채로, 발행 주체와 금리 구조에 따라 분류됩니다."
BBB등급고정금리국채,"신용등급 BBB의 고정금리 국채로, 발행 주체와 금리 구조에 따라 분류됩니다."
AAA등급변동금리국채,"신용등급 AAA의 변동금리 국채로, 발행 주체와 금리 구조에 따라 분류됩니다."
AA등급변동금리국채,"신용등급 AA의 변동금리 국채로, 발행 주체와 금리 구조에 따라 분류됩니다."
A등급변동금리국채,"신용등급 A의 변동금리 국채로, 발행 주체와 금리 구조에 따라 분류됩니다."
BBB등급변동금리국채,"신용등급 BBB의 변동금리 국채로, 발행 주체와 금리 구조에 따라 분류됩니다."
AAA등급복합금리국채,"신용등급 AAA의 복합금리 국채로, 발행 주체와 금리 구조에 따라 분류됩니다."
AA등급복합금리국채,"신용등급 AA의 복합금리 국채로, 발행 주체와 금리 구조에 따라 분류됩니다."
A등급복합금리국채,"신용등급 A의 복합금리 국채로, 발행 주체와 금리 구조에 따라 분류됩니다."
BBB등급복합금리국채,"신용등급 BBB의 복합금리 국채로, 발행 주체와 금리 구조에 따라 분류됩니다."
AAA등급이표채국채,"신용등급 AAA의 이표채 국채로, 발행 주체와 금리 구조에 따라 분류됩니다."
AA등급이표채국채,"신용등급 AA의 이표채 국채로, 발행 주체와 금리 구조에 따라 분류됩니다."
A등급이표채국채,"신용등급 A의 이표채 국채로, 발행 주체와 금리 구조에 따라 분류됩니다."
BBB등급이표채국채,"신용등급 BBB의 이표채 국채로, 발행 주체와 금리 구조에 따라 분류됩니다."
AAA등급할인채국채,"신용등급 AAA의 할인채 국채로, 발행 주체와 금리 구조에 따라 분류됩니다."
AA등급할인채국채,"신용등급 AA의 할인채 국채로, 발행 주체와 금리 구조에 따라 분류됩니다."
A등급할인채국채,"신용등급 A의 할인채 국채로, 발행 주체와 금리 구조에 따라 분류됩니다."
BBB등급할인채국채,"신용등급 BBB의 할인채 국채로, 발행 주체와 금리 구조에 따라 분류됩니다."
AAA등급무이표채국채,"신용등급 AAA의 무이표채 국채로, 발행 주체와 금리 구조에 따라 분류됩니다."
AA등급무이표채국채,"신용등급 AA의 무이표채 국채로, 발행 주체와 금리 구조에 따라 분류됩니다."
A등급무이표채국채,"신용등급 A의 무이표채 국채로, 발행 주체와 금리 구조에 따라 분류됩니다."
BBB등급무이표채국채,"신용등급 BBB의 무이표채 국채로, 발행 주체와 금리 구조에 따라 분류됩니다."
AAA등급고정금리회사채,"신용등급 AAA의 고정금리 회사채로, 발행 주체와 금리 구조에 따라 분류됩니다."
AA등급고정금리회사채,"신용등급 AA의 고정금리 회사채로, 발행 주체와 금리 구조에 따라 분류됩니다."
A등급고정금리회사채,"신용등급 A의 고정금리 회사채로, 발행 주체와 금리 구조에 따라 분류됩니다."
BBB등급고정금리회사채,"신용등급 BBB의 고정금리 회사채로, 발행 주체와 금리 구조에 따라 분류됩니다."
AAA등급변동금리회사채,"신용등급 AAA의 변동금리 회사채로, 발행 주체와 금리 구조에 따라 분류됩니다."
AA등급변동금리회사채,"신용등급 AA의 변동금리 회사채로, 발행 주체와 금리 구조에 따라 분류됩니다."
A등급변동금리회사채,"신용등급 A의 변동금리 회사채로, 발행 주체와 금리 구조에 따라 분류됩니다."
BBB등급변동금리회사채,"신용등급 BBB의 변동금리 회사채로, 발행 주체와 금리 구조에 따라 분류됩니다."
AAA등급복합금리회사채,"신용등급 AAA의 복합금리 회사채로, 발행 주체와 금리 구조에 따라 분류됩니다."
AA등급복합금리회사채,"신용등급 AA의 복합금리 회사채로, 발행 주체와 금리 구조에 따라 분류됩니다."
A등급복합금리회사채,"신용등급 A의 복합금리 회사채로, 발행 주체와 금리 구조에 따라 분류됩니다."
BBB등급복합금리회사채,"신용등급 BBB의 복합금리 회사채로, 발행 주체와 금리 구조에 따라 분류됩니다."
AAA등급이표채회사채,"신용등급 AAA의 이표채 회사채로, 발행 주체와 금리 구조에 따라 분류됩니다."
AA등급이표채회사채,"신용등급 AA의 이표채 회사채로, 발행 주체와 금리 구조에 따라 분류됩니다."
A등급이표채회사채,"신용등급 A의 이표채 회사채로, 발행 주체와 금리 구조에 따라 분류됩니다."
BBB등급이표채회사채,"신용등급 BBB의 이표채 회사채로, 발행 주체와 금리 구조에 따라 분류됩니다."
AAA등급할인채회사채,"신용등급 AAA의 할인채 회사채로, 발행 주체와 금리 구조에 따라 분류됩니다."
AA등급할인채회사채,"신용등급 AA의 할인채 회사채로, 발행 주체와 금리 구조에 따라 분류됩니다."
A등급할인채회사채,"신용등급 A의 할인채 회사채로, 발행 주체와 금리 구조에 따라 분류됩니다."
BBB등급할인채회사채,"신용등급 BBB의 할인채 회사채로, 발행 주체와 금리 구조에 따라 분류됩니다."
AAA등급무이표채회사채,"신용등급 AAA의 무이표채 회사채로, 발행 주체와 금리 구조에 따라 분류됩니다."
AA등급무이표채회사채,"신용등급 AA의 무이표채 회사채로, 발행 주체와 금리 구조에 따라 분류됩니다."
A등급무이표채회사채,"신용등급 A의 무이표채 회사채로, 발행 주체와 금리 구조에 따라 분류됩니다."
BBB등급무이표채회사채,"신용등급 BBB의 무이표채 회사채로, 발행 주체와 금리 구조에 따라 분류됩니다."
AAA등급고정금리금융채,"신용등급 AAA의 고정금리 금융채로, 발행 주체와 금리 구조에 따라 분류됩니다."
AA등급고정금리금융채,"신용등급 AA의 고정금리 금융채로, 발행 주체와 금리 구조에 따라 분류됩니다."
A등급고정금리금융채,"신용등급 A의 고정금리 금융채로, 발행 주체와 금리 구조에 따라 분류됩니다."
BBB등급고정금리금융채,"신용등급 BBB의 고정금리 금융채로, 발행 주체와 금리 구조에 따라 분류됩니다."
AAA등급변동금리금융채,"신용등급 AAA의 변동금리 금융채로, 발행 주체와 금리 구조에 따라 분류됩니다."
AA등급변동금리금융채,"신용등급 AA의 변동금리 금융채로, 발행 주체와 금리 구조에 따라 분류됩니다."
A등급변동금리금융채,"신용등급 A의 변동금리 금융채로, 발행 주체와 금리 구조에 따라 분류됩니다."
BBB등급변동금리금융채,"신용등급 BBB의 변동금리 금융채로, 발행 주체와 금리 구조에 따라 분류됩니다."
AAA등급복합금리금융채,"신용등급 AAA의 복합금리 금융채로, 발행 주체와 금리 구조에 따라 분류됩니다."
AA등급복합금리금융채,"신용등급 AA의 복합금리 금융채로, 발행 주체와 금리 구조에 따라 분류됩니다."
A등급복합금리금융채,"신용등급 A의 복합금리 금융채로, 발행 주체와 금리 구조에 따라 분류됩니다."
BBB등급복합금리금융채,"신용등급 BBB의 복합금리 금융채로, 발행 주체와 금리 구조에 따라 분류됩니다."
AAA등급이표채금융채,"신용등급 AAA의 이표채 금융채로, 발행 주체와 금리 구조에 따라 분류됩니다."
AA등급이표채금융채,"신용등급 AA의 이표채 금융채로, 발행 주체와 금리 구조에 따라 분류됩니다."
A등급이표채금융채,"신용등급 A의 이표채 금융채로, 발행 주체와 금리 구조에 따라 분류됩니다."
BBB등급이표채금융채,"신용등급 BBB의 이표채 금융채로, 발행 주체와 금리 구조에 따라 분류됩니다."
AAA등급할인채금융채,"신용등급 AAA의 할인채 금융채로, 발행 주체와 금리 구조에 따라 분류됩니다."
AA등급할인채금융채,"신용등급 AA의 할인채 금융채로, 발행 주체와 금리 구조에 따라 분류됩니다."
A등급할인채금융채,"신용등급 A의 할인채 금융채로, 발행 주체와 금리 구조에 따라 분류됩니다."
BBB등급할인채금융채,"신용등급 BBB의 할인채 금융채로, 발행 주체와 금리 구조에 따라 분류됩니다."
AAA등급무이표채금융채,"신용등급 AAA의 무이표채 금융채로, 발행 주체와 금리 구조에 따라 분류됩니다."
AA등급무이표채금융채,"신용등급 AA의 무이표채 금융채로, 발행 주체와 금리 구조에 따라 분류됩니다."
A등급무이표채금융채,"신용등급 A의 무이표채 금융채로, 발행 주체와 금리 구조에 따라 분류됩니다."
BBB등급무이표채금융채,"신용등급 BBB의 무이표채 금융채로, 발행 주체와 금리 구조에 따라 분류됩니다."
AAA등급고정금리지방채,"신용등급 AAA의 고정금리 지방채로, 발행 주체와 금리 구조에 따라 분류됩니다."
AA등급고정금리지방채,"신용등급 AA의 고정금리 지방채로, 발행 주체와 금리 구조에 따라 분류됩니다."
A등급고정금리지방채,"신용등급 A의 고정금리 지방채로, 발행 주체와 금리 구조에 따라 분류됩니다."
BBB등급고정금리지방채,"신용등급 BBB의 고정금리 지방채로, 발행 주체와 금리 구조에 따라 분류됩니다."
AAA등급변동금리지방채,"신용등급 AAA의 변동금리 지방채로, 발행 주체와 금리 구조에 따라 분류됩니다."
AA등급변동금리지방채,"신용등급 AA의 변동금리 지방채로, 발행 주체와 금리 구조에 따라 분류됩니다."
A등급변동금리지방채,"신용등급 A의 변동금리 지방채로, 발행 주체와 금리 구조에 따라 분류됩니다."
BBB등급변동금리지방채,"신용등급 BBB의 변동금리 지방채로, 발행 주체와 금리 구조에 따라 분류됩니다."
AAA등급복합금리지방채,"신용등급 AAA의 복합금리 지방채로, 발행 주체와 금리 구조에 따라 분류됩니다."
AA등급복합금리지방채,"신용등급 AA의 복합금리 지방채로, 발행 주체와 금리 구조에 따라 분류됩니다."
A등급복합금리지방채,"신용등급 A의 복합금리 지방채로, 발행 주체와 금리 구조에 따라 분류됩니다."
BBB등급복합금리지방채,"신용등급 BBB의 복합금리 지방채로, 발행 주체와 금리 구조에 따라 분류됩니다."
AAA등급이표채지방채,"신용등급 AAA의 이표채 지방채로, 발행 주체와 금리 구조에 따라 분류됩니다."
AA등급이표채지방채,"신용등급 AA의 이표채 지방채로, 발행 주체와 금리 구조에 따라 분류됩니다."
A등급이표채지방채,"신용등급 A의 이표채 지방채로, 발행 주체와 금리 구조에 따라 분류됩니다."
BBB등급이표채지방채,"신용등급 BBB의 이표채 지방채로, 발행 주체와 금리 구조에 따라 분류됩니다."
AAA등급할인채지방채,"신용등급 AAA의 할인채 지방채로, 발행 주체와 금리 구조에 따라 분류됩니다."
AA등급할인채지방채,"신용등급 AA의 할인채 지방채로, 발행 주체와 금리 구조에 따라 분류됩니다."
A등급할인채지방채,"신용등급 A의 할인채 지방채로, 발행 주체와 금리 구조에 따라 분류됩니다."
BBB등급할인채지방채,"신용등급 BBB의 할인채 지방채로, 발행 주체와 금리 구조에 따라 분류됩니다."
AAA등급무이표채지방채,"신용등급 AAA의 무이표채 지방채로, 발행 주체와 금리 구조에 따라 분류됩니다."
AA등급무이표채지방채,"신용등급 AA의 무이표채 지방채로, 발행 주체와 금리 구조에 따라 분류됩니다."
A등급무이표채지방채,"신용등급 A의 무이표채 지방채로, 발행 주체와 금리 구조에 따라 분류됩니다."
BBB등급무이표채지방채,"신용등급 BBB의 무이표채 지방채로, 발행 주체와 금리 구조에 따라 분류됩니다."
AAA등급고정금리특수채,"신용등급 AAA의 고정금리 특수채로, 발행 주체와 금리 구조에 따라 분류됩니다."
AA등급고정금리특수채,"신용등급 AA의 고정금리 특수채로, 발행 주체와 금리 구조에 따라 분류됩니다."
A등급고정금리특수채,"신용등급 A의 고정금리 특수채로, 발행 주체와 금리 구조에 따라 분류됩니다."
BBB등급고정금리특수채,"신용등급 BBB의 고정금리 특수채로, 발행 주체와 금리 구조에 따라 분류됩니다."
AAA등급변동금리특수채,"신용등급 AAA의 변동금리 특수채로, 발행 주체와 금리 구조에 따라 분류됩니다."
AA등급변동금리특수채,"신용등급 AA의 변동금리 특수채로, 발행 주체와 금리 구조에 따라 분류됩니다."
A등급변동금리특수채,"신용등급 A의 변동금리 특수채로, 발행 주체와 금리 구조에 따라 분류됩니다."
BBB등급변동금리특수채,"신용등급 BBB의 변동금리 특수채로, 발행 주체와 금리 구조에 따라 분류됩니다."
AAA등급복합금리특수채,"신용등급 AAA의 복합금리 특수채로, 발행 주체와 금리 구조에 따라 분류됩니다."
AA등급복합금리특수채,"신용등급 AA의 복합금리 특수채로, 발행 주체와 금리 구조에 따라 분류됩니다."
A등급복합금리특수채,"신용등급 A의 복합금리 특수채로, 발행 주체와 금리 구조에 따라 분류됩니다."
BBB등급복합금리특수채,"신용등급 BBB의 복합금리 특수채로, 발행 주체와 금리 구조에 따라 분류됩니다."
AAA등급이표채특수채,"신용등급 AAA의 이표채 특수채로, 발행 주체와 금리 구조에 따라 분류됩니다."
AA등급이표채특수채,"신용등급 AA의 이표채 특수채로, 발행 주체와 금리 구조에 따라 분류됩니다."
A등급이표채특수채,"신용등급 A의 이표채 특수채로, 발행 주체와 금리 구조에 따라 분류됩니다."
BBB등급이표채특수채,"신용등급 BBB의 이표채 특수채로, 발행 주체와 금리 구조에 따라 분류됩니다."
AAA등급할인채특수채,"신용등급 AAA의 할인채 특수채로, 발행 주체와 금리 구조에 따라 분류됩니다."
AA등급할인채특수채,"신용등급 AA의 할인채 특수채로, 발행 주체와 금리 구조에 따라 분류됩니다."
A등급할인채특수채,"신용등급 A의 할인채 특수채로, 발행 주체와 금리 구조에 따라 분류됩니다."
BBB등급할인채특수채,"신용등급 BBB의 할인채 특수채로, 발행 주체와 금리 구조에 따라 분류됩니다."
AAA등급무이표채특수채,"신용등급 AAA의 무이표채 특수채로, 발행 주체와 금리 구조에 따라 분류됩니다."
AA등급무이표채특수채,"신용등급 AA의 무이표채 특수채로, 발행 주체와 금리 구조에 따라 분류됩니다."
A등급무이표채특수채,"신용등급 A의 무이표채 특수채로, 발행 주체와 금리 구조에 따라 분류됩니다."
BBB등급무이표채특수채,"신용등급 BBB의 무이표채 특수채로, 발행 주체와 금리 구조에 따라 분류됩니다."
국내액티브주식형펀드,국내 시장에 액티브 방식으로 투자하는 주식형 펀드입니다.
국내패시브주식형펀드,국내 시장에 패시브 방식으로 투자하는 주식형 펀드입니다.
국내퀀트주식형펀드,국내 시장에 퀀트 방식으로 투자하는 주식형 펀드입니다.
국내팩터주식형펀드,국내 시장에 팩터 방식으로 투자하는 주식형 펀드입니다.
해외선진국액티브주식형펀드,해외선진국 시장에 액티브 방식으로 투자하는 주식형 펀드입니다.
해외선진국패시브주식형펀드,해외선진국 시장에 패시브 방식으로 투자하는 주식형 펀드입니다.
해외선진국퀀트주식형펀드,해외선진국 시장에 퀀트 방식으로 투자하는 주식형 펀드입니다.
해외선진국팩터주식형펀드,해외선진국 시장에 팩터 방식으로 투자하는 주식형 펀드입니다.
신흥국액티브주식형펀드,신흥국 시장에 액티브 방식으로 투자하는 주식형 펀드입니다.
신흥국패시브주식형펀드,신흥국 시장에 패시브 방식으로 투자하는 주식형 펀드입니다.
신흥국퀀트주식형펀드,신흥국 시장에 퀀트 방식으로 투자하는 주식형 펀드입니다.
신흥국팩터주식형펀드,신흥국 시장에 팩터 방식으로 투자하는 주식형 펀드입니다.
글로벌액티브주식형펀드,글로벌 시장에 액티브 방식으로 투자하는 주식형 펀드입니다.
글로벌패시브주식형펀드,글로벌 시장에 패시브 방식으로 투자하는 주식형 펀드입니다.
글로벌퀀트주식형펀드,글로벌 시장에 퀀트 방식으로 투자하는 주식형 펀드입니다.
글로벌팩터주식형펀드,글로벌 시장에 팩터 방식으로 투자하는 주식형 펀드입니다.
아시아액티브주식형펀드,아시아 시장에 액티브 방식으로 투자하는 주식형 펀드입니다.
아시아패시브주식형펀드,아시아 시장에 패시브 방식으로 투자하는 주식형 펀드입니다.
아시아퀀트주식형펀드,아시아 시장에 퀀트 방식으로 투자하는 주식형 펀드입니다.
아시아팩터주식형펀드,아시아 시장에 팩터 방식으로 투자하는 주식형 펀드입니다.
국내액티브채권형펀드,국내 시장에 액티브 방식으로 투자하는 채권형 펀드입니다.
국내패시브채권형펀드,국내 시장에 패시브 방식으로 투자하는 채권형 펀드입니다.
국내퀀트채권형펀드,국내 시장에 퀀트 방식으로 투자하는 채권형 펀드입니다.
국내팩터채권형펀드,국내 시장에 팩터 방식으로 투자하는 채권형 펀드입니다.
해외선진국액티브채권형펀드,해외선진국 시장에 액티브 방식으로 투자하는 채권형 펀드입니다.
해외선진국패시브채권형펀드,해외선진국 시장에 패시브 방식으로 투자하는 채권형 펀드입니다.
해외선진국퀀트채권형펀드,해외선진국 시장에 퀀트 방식으로 투자하는 채권형 펀드입니다.
해외선진국팩터채권형펀드,해외선진국 시장에 팩터 방식으로 투자하는 채권형 펀드입니다.
신흥국액티브채권형펀드,신흥국 시장에 액티브 방식으로 투자하는 채권형 펀드입니다.
신흥국패시브채권형펀드,신흥국 시장에 패시브 방식으로 투자하는 채권형 펀드입니다.
신흥국퀀트채권형펀드,신흥국 시장에 퀀트 방식으로 투자하는 채권형 펀드입니다.
신흥국팩터채권형펀드,신흥국 시장에 팩터 방식으로 투자하는 채권형 펀드입니다.
글로벌액티브채권형펀드,글로벌 시장에 액티브 방식으로 투자하는 채권형 펀드입니다.
글로벌패시브채권형펀드,글로벌 시장에 패시브 방식으로 투자하는 채권형 펀드입니다.
글로벌퀀트채권형펀드,글로벌 시장에 퀀트 방식으로 투자하는 채권형 펀드입니다.
글로벌팩터채권형펀드,글로벌 시장에 팩터 방식으로 투자하는 채권형 펀드입니다.
아시아액티브채권형펀드,아시아 시장에 액티브 방식으로 투자하는 채권형 펀드입니다.
아시아패시브채권형펀드,아시아 시장에 패시브 방식으로 투자하는 채권형 펀드입니다.
아시아퀀트채권형펀드,아시아 시장에 퀀트 방식으로 투자하는 채권형 펀드입니다.
아시아팩터채권형펀드,아시아 시장에 팩터 방식으로 투자하는 채권형 펀드입니다.
국내액티브혼합형펀드,국내 시장에 액티브 방식으로 투자하는 혼합형 펀드입니다.
국내패시브혼합형펀드,국내 시장에 패시브 방식으로 투자하는 혼합형 펀드입니다.
국내퀀트혼합형펀드,국내 시장에 퀀트 방식으로 투자하는 혼합형 펀드입니다.
국내팩터혼합형펀드,국내 시장에 팩터 방식으로 투자하는 혼합형 펀드입니다.
해외선진국액티브혼합형펀드,해외선진국 시장에 액티브 방식으로 투자하는 혼합형 펀드입니다.
해외선진국패시브혼합형펀드,해외선진국 시장에 패시브 방식으로 투자하는 혼합형 펀드입니다.
해외선진국퀀트혼합형펀드,해외선진국 시장에 퀀트 방식으로 투자하는 혼합형 펀드입니다.
해외선진국팩터혼합형펀드,해외선진국 시장에 팩터 방식으로 투자하는 혼합형 펀드입니다.
신흥국액티브혼합형펀드,신흥국 시장에 액티브 방식으로 투자하는 혼합형 펀드입니다.
신흥국패시브혼합형펀드,신흥국 시장에 패시브 방식으로 투자하는 혼합형 펀드입니다.
신흥국퀀트혼합형펀드,신흥국 시장에 퀀트 방식으로 투자하는 혼합형 펀드입니다.
신흥국팩터혼합형펀드,신흥국 시장에 팩터 방식으로 투자하는 혼합형 펀드입니다.
글로벌액티브혼합형펀드,글로벌 시장에 액티브 방식으로 투자하는 혼합형 펀드입니다.
글로벌패시브혼합형펀드,글로벌 시장에 패시브 방식으로 투자하는 혼합형 펀드입니다.
글로벌퀀트혼합형펀드,글로벌 시장에 퀀트 방식으로 투자하는 혼합형 펀드입니다.
글로벌팩터혼합형펀드,글로벌 시장에 팩터 방식으로 투자하는 혼합형 펀드입니다.
아시아액티브혼합형펀드,아시아 시장에 액티브 방식으로 투자하는 혼합형 펀드입니다.
아시아패시브혼합형펀드,아시아 시장에 패시브 방식으로 투자하는 혼합형 펀드입니다.
아시아퀀트혼합형펀드,아시아 시장에 퀀트 방식으로 투자하는 혼합형 펀드입니다.
아시아팩터혼합형펀드,아시아 시장에 팩터 방식으로 투자하는 혼합형 펀드입니다.
국내액티브부동산펀드,국내 시장에 액티브 방식으로 투자하는 부동산 펀드입니다.
국내패시브부동산펀드,국내 시장에 패시브 방식으로 투자하는 부동산 펀드입니다.
국내퀀트부동산펀드,국내 시장에 퀀트 방식으로 투자하는 부동산 펀드입니다.
국내팩터부동산펀드,국내 시장에 팩터 방식으로 투자하는 부동산 펀드입니다.
해외선진국액티브부동산펀드,해외선진국 시장에 액티브 방식으로 투자하는 부동산 펀드입니다.
해외선진국패시브부동산펀드,해외선진국 시장에 패시브 방식으로 투자하는 부동산 펀드입니다.
해외선진국퀀트부동산펀드,해외선진국 시장에 퀀트 방식으로 투자하는 부동산 펀드입니다.
해외선진국팩터부동산펀드,해외선진국 시장에 팩터 방식으로 투자하는 부동산 펀드입니다.
신흥국액티브부동산펀드,신흥국 시장에 액티브 방식으로 투자하는 부동산 펀드입니다.
신흥국패시브부동산펀드,신흥국 시장에 패시브 방식으로 투자하는 부동산 펀드입니다.
신흥국퀀트부동산펀드,신흥국 시장에 퀀트 방식으로 투자하는 부동산 펀드입니다.
신흥국팩터부동산펀드,신흥국 시장에 팩터 방식으로 투자하는 부동산 펀드입니다.
글로벌액티브부동산펀드,글로벌 시장에 액티브 방식으로 투자하는 부동산 펀드입니다.
글로벌패시브부동산펀드,글로벌 시장에 패시브 방식으로 투자하는 부동산 펀드입니다.
글로벌퀀트부동산펀드,글로벌 시장에 퀀트 방식으로 투자하는 부동산 펀드입니다.
글로벌팩터부동산펀드,글로벌 시장에 팩터 방식으로 투자하는 부동산 펀드입니다.
아시아액티브부동산펀드,아시아 시장에 액티브 방식으로 투자하는 부동산 펀드입니다.
아시아패시브부동산펀드,아시아 시장에 패시브 방식으로 투자하는 부동산 펀드입니다.
아시아퀀트부동산펀드,아시아 시장에 퀀트 방식으로 투자하는 부동산 펀드입니다.
아시아팩터부동산펀드,아시아 시장에 팩터 방식으로 투자하는 부동산 펀드입니다.
국내액티브원자재펀드,국내 시장에 액티브 방식으로 투자하는 원자재 펀드입니다.
국내패시브원자재펀드,국내 시장에 패시브 방식으로 투자하는 원자재 펀드입니다.
국내퀀트원자재펀드,국내 시장에 퀀트 방식으로 투자하는 원자재 펀드입니다.
국내팩터원자재펀드,국내 시장에 팩터 방식으로 투자하는 원자재 펀드입니다.
해외선진국액티브원자재펀드,해외선진국 시장에 액티브 방식으로 투자하는 원자재 펀드입니다.
해외선진국패시브원자재펀드,해외선진국 시장에 패시브 방식으로 투자하는 원자재 펀드입니다.
해외선진국퀀트원자재펀드,해외선진국 시장에 퀀트 방식으로 투자하는 원자재 펀드입니다.
해외선진국팩터원자재펀드,해외선진국 시장에 팩터 방식으로 투자하는 원자재 펀드입니다.
신흥국액티브원자재펀드,신흥국 시장에 액티브 방식으로 투자하는 원자재 펀드입니다.
신흥국패시브원자재펀드,신흥국 시장에 패시브 방식으로 투자하는 원자재 펀드입니다.
신흥국퀀트원자재펀드,신흥국 시장에 퀀트 방식으로 투자하는 원자재 펀드입니다.
신흥국팩터원자재펀드,신흥국 시장에 팩터 방식으로 투자하는 원자재 펀드입니다.
글로벌액티브원자재펀드,글로벌 시장에 액티브 방식으로 투자하는 원자재 펀드입니다.
글로벌패시브원자재펀드,글로벌 시장에 패시브 방식으로 투자하는 원자재 펀드입니다.
글로벌퀀트원자재펀드,글로벌 시장에 퀀트 방식으로 투자하는 원자재 펀드입니다.
글로벌팩터원자재펀드,글로벌 시장에 팩터 방식으로 투자하는 원자재 펀드입니다.
아시아액티브원자재펀드,아시아 시장에 액티브 방식으로 투자하는 원자재 펀드입니다.
아시아패시브원자재펀드,아시아 시장에 패시브 방식으로 투자하는 원자재 펀드입니다.
아시아퀀트원자재펀드,아시아 시장에 퀀트 방식으로 투자하는 원자재 펀드입니다.
아시아팩터원자재펀드,아시아 시장에 팩터 방식으로 투자하는 원자재 펀드입니다.
국내액티브헤지펀드,국내 시장에 액티브 방식으로 투자하는 헤지 펀드입니다.
국내패시브헤지펀드,국내 시장에 패시브 방식으로 투자하는 헤지 펀드입니다.
국내퀀트헤지펀드,국내 시장에 퀀트 방식으로 투자하는 헤지 펀드입니다.
국내팩터헤지펀드,국내 시장에 팩터 방식으로 투자하는 헤지 펀드입니다.
해외선진국액티브헤지펀드,해외선진국 시장에 액티브 방식으로 투자하는 헤지 펀드입니다.
해외선진국패시브헤지펀드,해외선진국 시장에 패시브 방식으로 투자하는 헤지 펀드입니다.
해외선진국퀀트헤지펀드,해외선진국 시장에 퀀트 방식으로 투자하는 헤지 펀드입니다.
해외선진국팩터헤지펀드,해외선진국 시장에 팩터 방식으로 투자하는 헤지 펀드입니다.
신흥국액티브헤지펀드,신흥국 시장에 액티브 방식으로 투자하는 헤지 펀드입니다.
신흥국패시브헤지펀드,신흥국 시장에 패시브 방식으로 투자하는 헤지 펀드입니다.
신흥국퀀트헤지펀드,신흥국 시장에 퀀트 방식으로 투자하는 헤지 펀드입니다.
신흥국팩터헤지펀드,신흥국 시장에 팩터 방식으로 투자하는 헤지 펀드입니다.
글로벌액티브헤지펀드,글로벌 시장에 액티브 방식으로 투자하는 헤지 펀드입니다.
글로벌패시브헤지펀드,글로벌 시장에 패시브 방식으로 투자하는 헤지 펀드입니다.
글로벌퀀트헤지펀드,글로벌 시장에 퀀트 방식으로 투자하는 헤지 펀드입니다.
글로벌팩터헤지펀드,글로벌 시장에 팩터 방식으로 투자하는 헤지 펀드입니다.
아시아액티브헤지펀드,아시아 시장에 액티브 방식으로 투자하는 헤지 펀드입니다.
아시아패시브헤지펀드,아시아 시장에 패시브 방식으로 투자하는 헤지 펀드입니다.
아시아퀀트헤지펀드,아시아 시장에 퀀트 방식으로 투자하는 헤지 펀드입니다.
아시아팩터헤지펀드,아시아 시장에 팩터 방식으로 투자하는 헤지 펀드입니다.
국내액티브인덱스펀드,국내 시장에 액티브 방식으로 투자하는 인덱스 펀드입니다.
국내패시브인덱스펀드,국내 시장에 패시브 방식으로 투자하는 인덱스 펀드입니다.
국내퀀트인덱스펀드,국내 시장에 퀀트 방식으로 투자하는 인덱스 펀드입니다.
국내팩터인덱스펀드,국내 시장에 팩터 방식으로 투자하는 인덱스 펀드입니다.
해외선진국액티브인덱스펀드,해외선진국 시장에 액티브 방식으로 투자하는 인덱스 펀드입니다.
해외선진국패시브인덱스펀드,해외선진국 시장에 패시브 방식으로 투자하는 인덱스 펀드입니다.
해외선진국퀀트인덱스펀드,해외선진국 시장에 퀀트 방식으로 투자하는 인덱스 펀드입니다.
해외선진국팩터인덱스펀드,해외선진국 시장에 팩터 방식으로 투자하는 인덱스 펀드입니다.
신흥국액티브인덱스펀드,신흥국 시장에 액티브 방식으로 투자하는 인덱스 펀드입니다.
신흥국패시브인덱스펀드,신흥국 시장에 패시브 방식으로 투자하는 인덱스 펀드입니다.
신흥국퀀트인덱스펀드,신흥국 시장에 퀀트 방식으로 투자하는 인덱스 펀드입니다.
신흥국팩터인덱스펀드,신흥국 시장에 팩터 방식으로 투자하는 인덱스 펀드입니다.
글로벌액티브인덱스펀드,글로벌 시장에 액티브 방식으로 투자하는 인덱스 펀드입니다.
글로벌패시브인덱스펀드,글로벌 시장에 패시브 방식으로 투자하는 인덱스 펀드입니다.
글로벌퀀트인덱스펀드,글로벌 시장에 퀀트 방식으로 투자하는 인덱스 펀드입니다.
글로벌팩터인덱스펀드,글로벌 시장에 팩터 방식으로 투자하는 인덱스 펀드입니다.
아시아액티브인덱스펀드,아시아 시장에 액티브 방식으로 투자하는 인덱스 펀드입니다.
아시아패시브인덱스펀드,아시아 시장에 패시브 방식으로 투자하는 인덱스 펀드입니다.
아시아퀀트인덱스펀드,아시아 시장에 퀀트 방식으로 투자하는 인덱스 펀드입니다.
아시아팩터인덱스펀드,아시아 시장에 팩터 방식으로 투자하는 인덱스 펀드입니다.
주가지수유러피언형선물,"주가지수를 기초자산으로 하는 유러피언형 선물 상품으로, 특정 조건에서 행사됩니다."
주가지수아메리칸형선물,"주가지수를 기초자산으로 하는 아메리칸형 선물 상품으로, 특정 조건에서 행사됩니다."
주가지수버뮤다형선물,"주가지수를 기초자산으로 하는 버뮤다형 선물 상품으로, 특정 조건에서 행사됩니다."
주가지수유러피언형옵션,"주가지수를 기초자산으로 하는 유러피언형 옵션 상품으로, 특정 조건에서 행사됩니다."
주가지수아메리칸형옵션,"주가지수를 기초자산으로 하는 아메리칸형 옵션 상품으로, 특정 조건에서 행사됩니다."
주가지수버뮤다형옵션,"주가지수를 기초자산으로 하는 버뮤다형 옵션 상품으로, 특정 조건에서 행사됩니다."
주가지수유러피언형스왑,"주가지수를 기초자산으로 하는 유러피언형 스왑 상품으로, 특정 조건에서 행사됩니다."
주가지수아메리칸형스왑,"주가지수를 기초자산으로 하는 아메리칸형 스왑 상품으로, 특정 조건에서 행사됩니다."
주가지수버뮤다형스왑,"주가지수를 기초자산으로 하는 버뮤다형 스왑 상품으로, 특정 조건에서 행사됩니다."
개별주식유러피언형선물,"개별주식를 기초자산으로 하는 유러피언형 선물 상품으로, 특정 조건에서 행사됩니다."
개별주식아메리칸형선물,"개별주식를 기초자산으로 하는 아메리칸형 선물 상품으로, 특정 조건에서 행사됩니다."
개별주식버뮤다형선물,"개별주식를 기초자산으로 하는 버뮤다형 선물 상품으로, 특정 조건에서 행사됩니다."
개별주식유러피언형옵션,"개별주식를 기초자산으로 하는 유러피언형 옵션 상품으로, 특정 조건에서 행사됩니다."
개별주식아메리칸형옵션,"개별주식를 기초자산으로 하는 아메리칸형 옵션 상품으로, 특정 조건에서 행사됩니다."
개별주식버뮤다형옵션,"개별주식를 기초자산으로 하는 버뮤다형 옵션 상품으로, 특정 조건에서 행사됩니다."
개별주식유러피언형스왑,"개별주식를 기초자산으로 하는 유러피언형 스왑 상품으로, 특정 조건에서 행사됩니다."
개별주식아메리칸형스왑,"개별주식를 기초자산으로 하는 아메리칸형 스왑 상품으로, 특정 조건에서 행사됩니다."
개별주식버뮤다형스왑,"개별주식를 기초자산으로 하는 버뮤다형 스왑 상품으로, 특정 조건에서 행사됩니다."
금리유러피언형선물,"금리를 기초자산으로 하는 유러피언형 선물 상품으로, 특정 조건에서 행사됩니다."
금리아메리칸형선물,"금리를 기초자산으로 하는 아메리칸형 선물 상품으로, 특정 조건에서 행사됩니다."
금리버뮤다형선물,"금리를 기초자산으로 하는 버뮤다형 선물 상품으로, 특정 조건에서 행사됩니다."
금리유러피언형옵션,"금리를 기초자산으로 하는 유러피언형 옵션 상품으로, 특정 조건에서 행사됩니다."
금리아메리칸형옵션,"금리를 기초자산으로 하는 아메리칸형 옵션 상품으로, 특정 조건에서 행사됩니다."
금리버뮤다형옵션,"금리를 기초자산으로 하는 버뮤다형 옵션 상품으로, 특정 조건에서 행사됩니다."
금리유러피언형스왑,"금리를 기초자산으로 하는 유러피언형 스왑 상품으로, 특정 조건에서 행사됩니다."
금리아메리칸형스왑,"금리를 기초자산으로 하는 아메리칸형 스왑 상품으로, 특정 조건에서 행사됩니다."
금리버뮤다형스왑,"금리를 기초자산으로 하는 버뮤다형 스왑 상품으로, 특정 조건에서 행사됩니다."
통화유러피언형선물,"통화를 기초자산으로 하는 유러피언형 선물 상품으로, 특정 조건에서 행사됩니다."
통화아메리칸형선물,"통화를 기초자산으로 하는 아메리칸형 선물 상품으로, 특정 조건에서 행사됩니다."
통화버뮤다형선물,"통화를 기초자산으로 하는 버뮤다형 선물 상품으로, 특정 조건에서 행사됩니다."
통화유러피언형옵션,"통화를 기초자산으로 하는 유러피언형 옵션 상품으로, 특정 조건에서 행사됩니다."
통화아메리칸형옵션,"통화를 기초자산으로 하는 아메리칸형 옵션 상품으로, 특정 조건에서 행사됩니다."
통화버뮤다형옵션,"통화를 기초자산으로 하는 버뮤다형 옵션 상품으로, 특정 조건에서 행사됩니다."
통화유러피언형스왑,"통화를 기초자산으로 하는 유러피언형 스왑 상품으로, 특정 조건에서 행사됩니다."
통화아메리칸형스왑,"통화를 기초자산으로 하는 아메리칸형 스왑 상품으로, 특정 조건에서 행사됩니다."
통화버뮤다형스왑,"통화를 기초자산으로 하는 버뮤다형 스왑 상품으로, 특정 조건에서 행사됩니다."
원자재유러피언형선물,"원자재를 기초자산으로 하는 유러피언형 선물 상품으로, 특정 조건에서 행사됩니다."
원자재아메리칸형선물,"원자재를 기초자산으로 하는 아메리칸형 선물 상품으로, 특정 조건에서 행사됩니다."
원자재버뮤다형선물,"원자재를 기초자산으로 하는 버뮤다형 선물 상품으로, 특정 조건에서 행사됩니다."
원자재유러피언형옵션,"원자재를 기초자산으로 하는 유러피언형 옵션 상품으로, 특정 조건에서 행사됩니다."
원자재아메리칸형옵션,"원자재를 기초자산으로 하는 아메리칸형 옵션 상품으로, 특정 조건에서 행사됩니다."
원자재버뮤다형옵션,"원자재를 기초자산으로 하는 버뮤다형 옵션 상품으로, 특정 조건에서 행사됩니다."
원자재유러피언형스왑,"원자재를 기초자산으로 하는 유러피언형 스왑 상품으로, 특정 조건에서 행사됩니다."
원자재아메리칸형스왑,"원자재를 기초자산으로 하는 아메리칸형 스왑 상품으로, 특정 조건에서 행사됩니다."
원자재버뮤다형스왑,"원자재를 기초자산으로 하는 버뮤다형 스왑 상품으로, 특정 조건에서 행사됩니다."
신용유러피언형선물,"신용를 기초자산으로 하는 유러피언형 선물 상품으로, 특정 조건에서 행사됩니다."
신용아메리칸형선물,"신용를 기초자산으로 하는 아메리칸형 선물 상품으로, 특정 조건에서 행사됩니다."
신용버뮤다형선물,"신용를 기초자산으로 하는 버뮤다형 선물 상품으로, 특정 조건에서 행사됩니다."
신용유러피언형옵션,"신용를 기초자산으로 하는 유러피언형 옵션 상품으로, 특정 조건에서 행사됩니다."
신용아메리칸형옵션,"신용를 기초자산으로 하는 아메리칸형 옵션 상품으로, 특정 조건에서 행사됩니다."
신용버뮤다형옵션,"신용를 기초자산으로 하는 버뮤다형 옵션 상품으로, 특정 조건에서 행사됩니다."
신용유러피언형스왑,"신용를 기초자산으로 하는 유러피언형 스왑 상품으로, 특정 조건에서 행사됩니다."
신용아메리칸형스왑,"신용를 기초자산으로 하는 아메리칸형 스왑 상품으로, 특정 조건에서 행사됩니다."
신용버뮤다형스왑,"신용를 기초자산으로 하는 버뮤다형 스왑 상품으로, 특정 조건에서 행사됩니다."
연간수익성비율,"기업의 수익성을 나타내는 연간 기준 비율로, 재무 분석에 사용됩니다."
분기수익성비율,"기업의 수익성을 나타내는 분기 기준 비율로, 재무 분석에 사용됩니다."
월간수익성비율,"기업의 수익성을 나타내는 월간 기준 비율로, 재무 분석에 사용됩니다."
연간수익성배율,"기업의 수익성을 나타내는 연간 기준 배율로, 재무 분석에 사용됩니다."
분기수익성배율,"기업의 수익성을 나타내는 분기 기준 배율로, 재무 분석에 사용됩니다."
월간수익성배율,"기업의 수익성을 나타내는 월간 기준 배율로, 재무 분석에 사용됩니다."
연간수익성회전율,"기업의 수익성을 나타내는 연간 기준 회전율로, 재무 분석에 사용됩니다."
분기수익성회전율,"기업의 수익성을 나타내는 분기 기준 회전율로, 재무 분석에 사용됩니다."
월간수익성회전율,"기업의 수익성을 나타내는 월간 기준 회전율로, 재무 분석에 사용됩니다."
연간수익성마진율,"기업의 수익성을 나타내는 연간 기준 마진율로, 재무 분석에 사용됩니다."
분기수익성마진율,"기업의 수익성을 나타내는 분기 기준 마진율로, 재무 분석에 사용됩니다."
월간수익성마진율,"기업의 수익성을 나타내는 월간 기준 마진율로, 재무 분석에 사용됩니다."
연간수익성수익률,"기업의 수익성을 나타내는 연간 기준 수익률로, 재무 분석에 사용됩니다."
분기수익성수익률,"기업의 수익성을 나타내는 분기 기준 수익률로, 재무 분석에 사용됩니다."
월간수익성수익률,"기업의 수익성을 나타내는 월간 기준 수익률로, 재무 분석에 사용됩니다."
연간안정성비율,"기업의 안정성을 나타내는 연간 기준 비율로, 재무 분석에 사용됩니다."
분기안정성비율,"기업의 안정성을 나타내는 분기 기준 비율로, 재무 분석에 사용됩니다."
월간안정성비율,"기업의 안정성을 나타내는 월간 기준 비율로, 재무 분석에 사용됩니다."
연간안정성배율,"기업의 안정성을 나타내는 연간 기준 배율로, 재무 분석에 사용됩니다."
분기안정성배율,"기업의 안정성을 나타내는 분기 기준 배율로, 재무 분석에 사용됩니다."
월간안정성배율,"기업의 안정성을 나타내는 월간 기준 배율로, 재무 분석에 사용됩니다."
연간안정성회전율,"기업의 안정성을 나타내는 연간 기준 회전율로, 재무 분석에 사용됩니다."
분기안정성회전율,"기업의 안정성을 나타내는 분기 기준 회전율로, 재무 분석에 사용됩니다."
월간안정성회전율,"기업의 안정성을 나타내는 월간 기준 회전율로, 재무 분석에 사용됩니다."
연간안정성마진율,"기업의 안정성을 나타내는 연간 기준 마진율로, 재무 분석에 사용됩니다."
분기안정성마진율,"기업의 안정성을 나타내는 분기 기준 마진율로, 재무 분석에 사용됩니다."
월간안정성마진율,"기업의 안정성을 나타내는 월간 기준 마진율로, 재무 분석에 사용됩니다."
연간안정성수익률,"기업의 안정성을 나타내는 연간 기준 수익률로, 재무 분석에 사용됩니다."
분기안정성수익률,"기업의 안정성을 나타내는 분기 기준 수익률로, 재무 분석에 사용됩니다."
월간안정성수익률,"기업의 안정성을 나타내는 월간 기준 수익률로, 재무 분석에 사용됩니다."
연간성장성비율,"기업의 성장성을 나타내는 연간 기준 비율로, 재무 분석에 사용됩니다."
분기성장성비율,"기업의 성장성을 나타내는 분기 기준 비율로, 재무 분석에 사용됩니다."
월간성장성비율,"기업의 성장성을 나타내는 월간 기준 비율로, 재무 분석에 사용됩니다."
연간성장성배율,"기업의 성장성을 나타내는 연간 기준 배율로, 재무 분석에 사용됩니다."
분기성장성배율,"기업의 성장성을 나타내는 분기 기준 배율로, 재무 분석에 사용됩니다."
월간성장성배율,"기업의 성장성을 나타내는 월간 기준 배율로, 재무 분석에 사용됩니다."
연간성장성회전율,"기업의 성장성을 나타내는 연간 기준 회전율로, 재무 분석에 사용됩니다."
분기성장성회전율,"기업의 성장성을 나타내는 분기 기준 회전율로, 재무 분석에 사용됩니다."
월간성장성회전율,"기업의 성장성을 나타내는 월간 기준 회전율로, 재무 분석에 사용됩니다."
연간성장성마진율,"기업의 성장성을 나타내는 연간 기준 마진율로, 재무 분석에 사용됩니다."
분기성장성마진율,"기업의 성장성을 나타내는 분기 기준 마진율로, 재무 분석에 사용됩니다."
월간성장성마진율,"기업의 성장성을 나타내는 월간 기준 마진율로, 재무 분석에 사용됩니다."
연간성장성수익률,"기업의 성장성을 나타내는 연간 기준 수익률로, 재무 분석에 사용됩니다."
분기성장성수익률,"기업의 성장성을 나타내는 분기 기준 수익률로, 재무 분석에 사용됩니다."
월간성장성수익률,"기업의 성장성을 나타내는 월간 기준 수익률로, 재무 분석에 사용됩니다."
연간활동성비율,"기업의 활동성을 나타내는 연간 기준 비율로, 재무 분석에 사용됩니다."
분기활동성비율,"기업의 활동성을 나타내는 분기 기준 비율로, 재무 분석에 사용됩니다."
월간활동성비율,"기업의 활동성을 나타내는 월간 기준 비율로, 재무 분석에 사용됩니다."
연간활동성배율,"기업의 활동성을 나타내는 연간 기준 배율로, 재무 분석에 사용됩니다."
분기활동성배율,"기업의 활동성을 나타내는 분기 기준 배율로, 재무 분석에 사용됩니다."
월간활동성배율,"기업의 활동성을 나타내는 월간 기준 배율로, 재무 분석에 사용됩니다."
연간활동성회전율,"기업의 활동성을 나타내는 연간 기준 회전율로, 재무 분석에 사용됩니다."
분기활동성회전율,"기업의 활동성을 나타내는 분기 기준 회전율로, 재무 분석에 사용됩니다."
월간활동성회전율,"기업의 활동성을 나타내는 월간 기준 회전율로, 재무 분석에 사용됩니다."
연간활동성마진율,"기업의 활동성을 나타내는 연간 기준 마진율로, 재무 분석에 사용됩니다."
분기활동성마진율,"기업의 활동성을 나타내는 분기 기준 마진율로, 재무 분석에 사용됩니다."
월간활동성마진율,"기업의 활동성을 나타내는 월간 기준 마진율로, 재무 분석에 사용됩니다."
연간활동성수익률,"기업의 활동성을 나타내는 연간 기준 수익률로, 재무 분석에 사용됩니다."
분기활동성수익률,"기업의 활동성을 나타내는 분기 기준 수익률로, 재무 분석에 사용됩니다."
월간활동성수익률,"기업의 활동성을 나타내는 월간 기준 수익률로, 재무 분석에 사용됩니다."
연간시장가치비율,"기업의 시장가치을 나타내는 연간 기준 비율로, 재무 분석에 사용됩니다."
분기시장가치비율,"기업의 시장가치을 나타내는 분기 기준 비율로, 재무 분석에 사용됩니다."
월간시장가치비율,"기업의 시장가치을 나타내는 월간 기준 비율로, 재무 분석에 사용됩니다."
연간시장가치배율,"기업의 시장가치을 나타내는 연간 기준 배율로, 재무 분석에 사용됩니다."
분기시장가치배율,"기업의 시장가치을 나타내는 분기 기준 배율로, 재무 분석에 사용됩니다."
월간시장가치배율,"기업의 시장가치을 나타내는 월간 기준 배율로, 재무 분석에 사용됩니다."
연간시장가치회전율,"기업의 시장가치을 나타내는 연간 기준 회전율로, 재무 분석에 사용됩니다."
분기시장가치회전율,"기업의 시장가치을 나타내는 분기 기준 회전율로, 재무 분석에 사용됩니다."
월간시장가치회전율,"기업의 시장가치을 나타내는 월간 기준 회전율로, 재무 분석에 사용됩니다."
연간시장가치마진율,"기업의 시장가치을 나타내는 연간 기준 마진율로, 재무 분석에 사용됩니다."
분기시장가치마진율,"기업의 시장가치을 나타내는 분기 기준 마진율로, 재무 분석에 사용됩니다."
월간시장가치마진율,"기업의 시장가치을 나타내는 월간 기준 마진율로, 재무 분석에 사용됩니다."
연간시장가치수익률,"기업의 시장가치을 나타내는 연간 기준 수익률로, 재무 분석에 사용됩니다."
분기시장가치수익률,"기업의 시장가치을 나타내는 분기 기준 수익률로, 재무 분석에 사용됩니다."
월간시장가치수익률,"기업의 시장가치을 나타내는 월간 기준 수익률로, 재무 분석에 사용됩니다."
은행자본규제,"은행 업권의 자본에 대한 규제 요구사항으로, 금융당국이 관리합니다."
증권자본규제,"증권 업권의 자본에 대한 규제 요구사항으로, 금융당국이 관리합니다."
보험자본규제,"보험 업권의 자본에 대한 규제 요구사항으로, 금융당국이 관리합니다."
자산운용자본규제,"자산운용 업권의 자본에 대한 규제 요구사항으로, 금융당국이 관리합니다."
은행자본감독,"은행 업권의 자본에 대한 감독 요구사항으로, 금융당국이 관리합니다."
증권자본감독,"증권 업권의 자본에 대한 감독 요구사항으로, 금융당국이 관리합니다."
보험자본감독,"보험 업권의 자본에 대한 감독 요구사항으로, 금융당국이 관리합니다."
자산운용자본감독,"자산운용 업권의 자본에 대한 감독 요구사항으로, 금융당국이 관리합니다."
은행자본준수,"은행 업권의 자본에 대한 준수 요구사항으로, 금융당국이 관리합니다."
증권자본준수,"증권 업권의 자본에 대한 준수 요구사항으로, 금융당국이 관리합니다."
보험자본준수,"보험 업권의 자본에 대한 준수 요구사항으로, 금융당국이 관리합니다."
자산운용자본준수,"자산운용 업권의 자본에 대한 준수 요구사항으로, 금융당국이 관리합니다."
은행자본보고,"은행 업권의 자본에 대한 보고 요구사항으로, 금융당국이 관리합니다."
증권자본보고,"증권 업권의 자본에 대한 보고 요구사항으로, 금융당국이 관리합니다."
보험자본보고,"보험 업권의 자본에 대한 보고 요구사항으로, 금융당국이 관리합니다."
자산운용자본보고,"자산운용 업권의 자본에 대한 보고 요구사항으로, 금융당국이 관리합니다."
은행유동성규제,"은행 업권의 유동성에 대한 규제 요구사항으로, 금융당국이 관리합니다."
증권유동성규제,"증권 업권의 유동성에 대한 규제 요구사항으로, 금융당국이 관리합니다."
보험유동성규제,"보험 업권의 유동성에 대한 규제 요구사항으로, 금융당국이 관리합니다."
자산운용유동성규제,"자산운용 업권의 유동성에 대한 규제 요구사항으로, 금융당국이 관리합니다."
은행유동성감독,"은행 업권의 유동성에 대한 감독 요구사항으로, 금융당국이 관리합니다."
증권유동성감독,"증권 업권의 유동성에 대한 감독 요구사항으로, 금융당국이 관리합니다."
보험유동성감독,"보험 업권의 유동성에 대한 감독 요구사항으로, 금융당국이 관리합니다."
자산운용유동성감독,"자산운용 업권의 유동성에 대한 감독 요구사항으로, 금융당국이 관리합니다."
은행유동성준수,"은행 업권의 유동성에 대한 준수 요구사항으로, 금융당국이 관리합니다."
증권유동성준수,"증권 업권의 유동성에 대한 준수 요구사항으로, 금융당국이 관리합니다."
보험유동성준수,"보험 업권의 유동성에 대한 준수 요구사항으로, 금융당국이 관리합니다."
자산운용유동성준수,"자산운용 업권의 유동성에 대한 준수 요구사항으로, 금융당국이 관리합니다."
은행유동성보고,"은행 업권의 유동성에 대한 보고 요구사항으로, 금융당국이 관리합니다."
증권유동성보고,"증권 업권의 유동성에 대한 보고 요구사항으로, 금융당국이 관리합니다."
보험유동성보고,"보험 업권의 유동성에 대한 보고 요구사항으로, 금융당국이 관리합니다."
자산운용유동성보고,"자산운용 업권의 유동성에 대한 보고 요구사항으로, 금융당국이 관리합니다."
은행레버리지규제,"은행 업권의 레버리지에 대한 규제 요구사항으로, 금융당국이 관리합니다."
증권레버리지규제,"증권 업권의 레버리지에 대한 규제 요구사항으로, 금융당국이 관리합니다."
보험레버리지규제,"보험 업권의 레버리지에 대한 규제 요구사항으로, 금융당국이 관리합니다."
자산운용레버리지규제,"자산운용 업권의 레버리지에 대한 규제 요구사항으로, 금융당국이 관리합니다."
은행레버리지감독,"은행 업권의 레버리지에 대한 감독 요구사항으로, 금융당국이 관리합니다."
증권레버리지감독,"증권 업권의 레버리지에 대한 감독 요구사항으로, 금융당국이 관리합니다."
보험레버리지감독,"보험 업권의 레버리지에 대한 감독 요구사항으로, 금융당국이 관리합니다."
자산운용레버리지감독,"자산운용 업권의 레버리지에 대한 감독 요구사항으로, 금융당국이 관리합니다."
은행레버리지준수,"은행 업권의 레버리지에 대한 준수 요구사항으로, 금융당국이 관리합니다."
증권레버리지준수,"증권 업권의 레버리지에 대한 준수 요구사항으로, 금융당국이 관리합니다."
보험레버리지준수,"보험 업권의 레버리지에 대한 준수 요구사항으로, 금융당국이 관리합니다."
자산운용레버리지준수,"자산운용 업권의 레버리지에 대한 준수 요구사항으로, 금융당국이 관리합니다."
은행레버리지보고,"은행 업권의 레버리지에 대한 보고 요구사항으로, 금융당국이 관리합니다."
증권레버리지보고,"증권 업권의 레버리지에 대한 보고 요구사항으로, 금융당국이 관리합니다."
보험레버리지보고,"보험 업권의 레버리지에 대한 보고 요구사항으로, 금융당국이 관리합니다."
자산운용레버리지보고,"자산운용 업권의 레버리지에 대한 보고 요구사항으로, 금융당국이 관리합니다."
은행건전성규제,"은행 업권의 건전성에 대한 규제 요구사항으로, 금융당국이 관리합니다."
증권건전성규제,"증권 업권의 건전성에 대한 규제 요구사항으로, 금융당국이 관리합니다."
보험건전성규제,"보험 업권의 건전성에 대한 규제 요구사항으로, 금융당국이 관리합니다."
자산운용건전성규제,"자산운용 업권의 건전성에 대한 규제 요구사항으로, 금융당국이 관리합니다."
은행건전성감독,"은행 업권의 건전성에 대한 감독 요구사항으로, 금융당국이 관리합니다."
증권건전성감독,"증권 업권의 건전성에 대한 감독 요구사항으로, 금융당국이 관리합니다."
보험건전성감독,"보험 업권의 건전성에 대한 감독 요구사항으로, 금융당국이 관리합니다."
자산운용건전성감독,"자산운용 업권의 건전성에 대한 감독 요구사항으로, 금융당국이 관리합니다."
은행건전성준수,"은행 업권의 건전성에 대한 준수 요구사항으로, 금융당국이 관리합니다."
증권건전성준수,"증권 업권의 건전성에 대한 준수 요구사항으로, 금융당국이 관리합니다."
보험건전성준수,"보험 업권의 건전성에 대한 준수 요구사항으로, 금융당국이 관리합니다."
자산운용건전성준수,"자산운용 업권의 건전성에 대한 준수 요구사항으로, 금융당국이 관리합니다."
은행건전성보고,"은행 업권의 건전성에 대한 보고 요구사항으로, 금융당국이 관리합니다."
증권건전성보고,"증권 업권의 건전성에 대한 보고 요구사항으로, 금융당국이 관리합니다."
보험건전성보고,"보험 업권의 건전성에 대한 보고 요구사항으로, 금융당국이 관리합니다."
자산운용건전성보고,"자산운용 업권의 건전성에 대한 보고 요구사항으로, 금융당국이 관리합니다."
은행공시규제,"은행 업권의 공시에 대한 규제 요구사항으로, 금융당국이 관리합니다."
증권공시규제,"증권 업권의 공시에 대한 규제 요구사항으로, 금융당국이 관리합니다."
보험공시규제,"보험 업권의 공시에 대한 규제 요구사항으로, 금융당국이 관리합니다."
자산운용공시규제,"자산운용 업권의 공시에 대한 규제 요구사항으로, 금융당국이 관리합니다."
은행공시감독,"은행 업권의 공시에 대한 감독 요구사항으로, 금융당국이 관리합니다."
증권공시감독,"증권 업권의 공시에 대한 감독 요구사항으로, 금융당국이 관리합니다."
보험공시감독,"보험 업권의 공시에 대한 감독 요구사항으로, 금융당국이 관리합니다."
자산운용공시감독,"자산운용 업권의 공시에 대한 감독 요구사항으로, 금융당국이 관리합니다."
은행공시준수,"은행 업권의 공시에 대한 준수 요구사항으로, 금융당국이 관리합니다."
증권공시준수,"증권 업권의 공시에 대한 준수 요구사항으로, 금융당국이 관리합니다."
보험공시준수,"보험 업권의 공시에 대한 준수 요구사항으로, 금융당국이 관리합니다."
자산운용공시준수,"자산운용 업권의 공시에 대한 준수 요구사항으로, 금융당국이 관리합니다."
은행공시보고,"은행 업권의 공시에 대한 보고 요구사항으로, 금융당국이 관리합니다."
증권공시보고,"증권 업권의 공시에 대한 보고 요구사항으로, 금융당국이 관리합니다."
보험공시보고,"보험 업권의 공시에 대한 보고 요구사항으로, 금융당국이 관리합니다."
자산운용공시보고,"자산운용 업권의 공시에 대한 보고 요구사항으로, 금융당국이 관리합니다."
은행내부통제규제,"은행 업권의 내부통제에 대한 규제 요구사항으로, 금융당국이 관리합니다."
증권내부통제규제,"증권 업권의 내부통제에 대한 규제 요구사항으로, 금융당국이 관리합니다."
보험내부통제규제,"보험 업권의 내부통제에 대한 규제 요구사항으로, 금융당국이 관리합니다."
자산운용내부통제규제,"자산운용 업권의 내부통제에 대한 규제 요구사항으로, 금융당국이 관리합니다."
은행내부통제감독,"은행 업권의 내부통제에 대한 감독 요구사항으로, 금융당국이 관리합니다."
증권내부통제감독,"증권 업권의 내부통제에 대한 감독 요구사항으로, 금융당국이 관리합니다."
보험내부통제감독,"보험 업권의 내부통제에 대한 감독 요구사항으로, 금융당국이 관리합니다."
자산운용내부통제감독,"자산운용 업권의 내부통제에 대한 감독 요구사항으로, 금융당국이 관리합니다."
은행내부통제준수,"은행 업권의 내부통제에 대한 준수 요구사항으로, 금융당국이 관리합니다."
증권내부통제준수,"증권 업권의 내부통제에 대한 준수 요구사항으로, 금융당국이 관리합니다."
보험내부통제준수,"보험 업권의 내부통제에 대한 준수 요구사항으로, 금융당국이 관리합니다."
자산운용내부통제준수,"자산운용 업권의 내부통제에 대한 준수 요구사항으로, 금융당국이 관리합니다."
은행내부통제보고,"은행 업권의 내부통제에 대한 보고 요구사항으로, 금융당국이 관리합니다."
증권내부통제보고,"증권 업권의 내부통제에 대한 보고 요구사항으로, 금융당국이 관리합니다."
보험내부통제보고,"보험 업권의 내부통제에 대한 보고 요구사항으로, 금융당국이 관리합니다."
자산운용내부통제보고,"자산운용 업권의 내부통제에 대한 보고 요구사항으로, 금융당국이 관리합니다."
투자자환경평가,"투자자 관점에서의 환경 평가로, ESG 경영의 핵심 요소입니다."
기업환경평가,"기업 관점에서의 환경 평가로, ESG 경영의 핵심 요소입니다."
기관환경평가,"기관 관점에서의 환경 평가로, ESG 경영의 핵심 요소입니다."
투자자환경등급,"투자자 관점에서의 환경 등급로, ESG 경영의 핵심 요소입니다."
기업환경등급,"기업 관점에서의 환경 등급로, ESG 경영의 핵심 요소입니다."
기관환경등급,"기관 관점에서의 환경 등급로, ESG 경영의 핵심 요소입니다."
투자자환경공시,"투자자 관점에서의 환경 공시로, ESG 경영의 핵심 요소입니다."
기업환경공시,"기업 관점에서의 환경 공시로, ESG 경영의 핵심 요소입니다."
기관환경공시,"기관 관점에서의 환경 공시로, ESG 경영의 핵심 요소입니다."
투자자환경리스크,"투자자 관점에서의 환경 리스크로, ESG 경영의 핵심 요소입니다."
기업환경리스크,"기업 관점에서의 환경 리스크로, ESG 경영의 핵심 요소입니다."
기관환경리스크,"기관 관점에서의 환경 리스크로, ESG 경영의 핵심 요소입니다."
투자자환경기회,"투자자 관점에서의 환경 기회로, ESG 경영의 핵심 요소입니다."
기업환경기회,"기업 관점에서의 환경 기회로, ESG 경영의 핵심 요소입니다."
기관환경기회,"기관 관점에서의 환경 기회로, ESG 경영의 핵심 요소입니다."
투자자환경전략,"투자자 관점에서의 환경 전략로, ESG 경영의 핵심 요소입니다."
기업환경전략,"기업 관점에서의 환경 전략로, ESG 경영의 핵심 요소입니다."
기관환경전략,"기관 관점에서의 환경 전략로, ESG 경영의 핵심 요소입니다."
투자자환경성과,"투자자 관점에서의 환경 성과로, ESG 경영의 핵심 요소입니다."
기업환경성과,"기업 관점에서의 환경 성과로, ESG 경영의 핵심 요소입니다."
기관환경성과,"기관 관점에서의 환경 성과로, ESG 경영의 핵심 요소입니다."
투자자사회평가,"투자자 관점에서의 사회 평가로, ESG 경영의 핵심 요소입니다."
기업사회평가,"기업 관점에서의 사회 평가로, ESG 경영의 핵심 요소입니다."
기관사회평가,"기관 관점에서의 사회 평가로, ESG 경영의 핵심 요소입니다."
투자자사회등급,"투자자 관점에서의 사회 등급로, ESG 경영의 핵심 요소입니다."
기업사회등급,"기업 관점에서의 사회 등급로, ESG 경영의 핵심 요소입니다."
기관사회등급,"기관 관점에서의 사회 등급로, ESG 경영의 핵심 요소입니다."
투자자사회공시,"투자자 관점에서의 사회 공시로, ESG 경영의 핵심 요소입니다."
기업사회공시,"기업 관점에서의 사회 공시로, ESG 경영의 핵심 요소입니다."
기관사회공시,"기관 관점에서의 사회 공시로, ESG 경영의 핵심 요소입니다."
투자자사회리스크,"투자자 관점에서의 사회 리스크로, ESG 경영의 핵심 요소입니다."
기업사회리스크,"기업 관점에서의 사회 리스크로, ESG 경영의 핵심 요소입니다."
기관사회리스크,"기관 관점에서의 사회 리스크로, ESG 경영의 핵심 요소입니다."
투자자사회기회,"투자자 관점에서의 사회 기회로, ESG 경영의 핵심 요소입니다."
기업사회기회,"기업 관점에서의 사회 기회로, ESG 경영의 핵심 요소입니다."
기관사회기회,"기관 관점에서의 사회 기회로, ESG 경영의 핵심 요소입니다."
투자자사회전략,"투자자 관점에서의 사회 전략로, ESG 경영의 핵심 요소입니다."
기업사회전략,"기업 관점에서의 사회 전략로, ESG 경영의 핵심 요소입니다."
기관사회전략,"기관 관점에서의 사회 전략로, ESG 경영의 핵심 요소입니다."
투자자사회성과,"투자자 관점에서의 사회 성과로, ESG 경영의 핵심 요소입니다."
기업사회성과,"기업 관점에서의 사회 성과로, ESG 경영의 핵심 요소입니다."
기관사회성과,"기관 관점에서의 사회 성과로, ESG 경영의 핵심 요소입니다."
투자자지배구조평가,"투자자 관점에서의 지배구조 평가로, ESG 경영의 핵심 요소입니다."
기업지배구조평가,"기업 관점에서의 지배구조 평가로, ESG 경영의 핵심 요소입니다."
기관지배구조평가,"기관 관점에서의 지배구조 평가로, ESG 경영의 핵심 요소입니다."
투자자지배구조등급,"투자자 관점에서의 지배구조 등급로, ESG 경영의 핵심 요소입니다."
기업지배구조등급,"기업 관점에서의 지배구조 등급로, ESG 경영의 핵심 요소입니다."
기관지배구조등급,"기관 관점에서의 지배구조 등급로, ESG 경영의 핵심 요소입니다."
투자자지배구조공시,"투자자 관점에서의 지배구조 공시로, ESG 경영의 핵심 요소입니다."
기업지배구조공시,"기업 관점에서의 지배구조 공시로, ESG 경영의 핵심 요소입니다."
기관지배구조공시,"기관 관점에서의 지배구조 공시로, ESG 경영의 핵심 요소입니다."
투자자지배구조리스크,"투자자 관점에서의 지배구조 리스크로, ESG 경영의 핵심 요소입니다."
기업지배구조리스크,"기업 관점에서의 지배구조 리스크로, ESG 경영의 핵심 요소입니다."
기관지배구조리스크,"기관 관점에서의 지배구조 리스크로, ESG 경영의 핵심 요소입니다."
투자자지배구조기회,"투자자 관점에서의 지배구조 기회로, ESG 경영의 핵심 요소입니다."
기업지배구조기회,"기업 관점에서의 지배구조 기회로, ESG 경영의 핵심 요소입니다."
기관지배구조기회,"기관 관점에서의 지배구조 기회로, ESG 경영의 핵심 요소입니다."
투자자지배구조전략,"투자자 관점에서의 지배구조 전략로, ESG 경영의 핵심 요소입니다."
기업지배구조전략,"기업 관점에서의 지배구조 전략로, ESG 경영의 핵심 요소입니다."
기관지배구조전략,"기관 관점에서의 지배구조 전략로, ESG 경영의 핵심 요소입니다."
투자자지배구조성과,"투자자 관점에서의 지배구조 성과로, ESG 경영의 핵심 요소입니다."
기업지배구조성과,"기업 관점에서의 지배구조 성과로, ESG 경영의 핵심 요소입니다."
기관지배구조성과,"기관 관점에서의 지배구조 성과로, ESG 경영의 핵심 요소입니다."
비트코인거래수수료,"비트코인의 거래 시 수수료 특성으로, 암호화폐 생태계의 중요 요소입니다."
비트코인거래속도,"비트코인의 거래 시 속도 특성으로, 암호화폐 생태계의 중요 요소입니다."
비트코인거래보안,"비트코인의 거래 시 보안 특성으로, 암호화폐 생태계의 중요 요소입니다."
비트코인거래확장성,"비트코인의 거래 시 확장성 특성으로, 암호화폐 생태계의 중요 요소입니다."
비트코인거래탈중앙화,"비트코인의 거래 시 탈중앙화 특성으로, 암호화폐 생태계의 중요 요소입니다."
비트코인전송수수료,"비트코인의 전송 시 수수료 특성으로, 암호화폐 생태계의 중요 요소입니다."
비트코인전송속도,"비트코인의 전송 시 속도 특성으로, 암호화폐 생태계의 중요 요소입니다."
비트코인전송보안,"비트코인의 전송 시 보안 특성으로, 암호화폐 생태계의 중요 요소입니다."
비트코인전송확장성,"비트코인의 전송 시 확장성 특성으로, 암호화폐 생태계의 중요 요소입니다."
비트코인전송탈중앙화,"비트코인의 전송 시 탈중앙화 특성으로, 암호화폐 생태계의 중요 요소입니다."
비트코인예치수수료,"비트코인의 예치 시 수수료 특성으로, 암호화폐 생태계의 중요 요소입니다."
비트코인예치속도,"비트코인의 예치 시 속도 특성으로, 암호화폐 생태계의 중요 요소입니다."
비트코인예치보안,"비트코인의 예치 시 보안 특성으로, 암호화폐 생태계의 중요 요소입니다."
비트코인예치확장성,"비트코인의 예치 시 확장성 특성으로, 암호화폐 생태계의 중요 요소입니다."
비트코인예치탈중앙화,"비트코인의 예치 시 탈중앙화 특성으로, 암호화폐 생태계의 중요 요소입니다."
비트코인스테이킹수수료,"비트코인의 스테이킹 시 수수료 특성으로, 암호화폐 생태계의 중요 요소입니다."
비트코인스테이킹속도,"비트코인의 스테이킹 시 속도 특성으로, 암호화폐 생태계의 중요 요소입니다."
비트코인스테이킹보안,"비트코인의 스테이킹 시 보안 특성으로, 암호화폐 생태계의 중요 요소입니다."
비트코인스테이킹확장성,"비트코인의 스테이킹 시 확장성 특성으로, 암호화폐 생태계의 중요 요소입니다."
비트코인스테이킹탈중앙화,"비트코인의 스테이킹 시 탈중앙화 특성으로, 암호화폐 생태계의 중요 요소입니다."
이더리움거래수수료,"이더리움의 거래 시 수수료 특성으로, 암호화폐 생태계의 중요 요소입니다."
이더리움거래속도,"이더리움의 거래 시 속도 특성으로, 암호화폐 생태계의 중요 요소입니다."
이더리움거래보안,"이더리움의 거래 시 보안 특성으로, 암호화폐 생태계의 중요 요소입니다."
이더리움거래확장성,"이더리움의 거래 시 확장성 특성으로, 암호화폐 생태계의 중요 요소입니다."
이더리움거래탈중앙화,"이더리움의 거래 시 탈중앙화 특성으로, 암호화폐 생태계의 중요 요소입니다."
이더리움전송수수료,"이더리움의 전송 시 수수료 특성으로, 암호화폐 생태계의 중요 요소입니다."
이더리움전송속도,"이더리움의 전송 시 속도 특성으로, 암호화폐 생태계의 중요 요소입니다."
이더리움전송보안,"이더리움의 전송 시 보안 특성으로, 암호화폐 생태계의 중요 요소입니다."
이더리움전송확장성,"이더리움의 전송 시 확장성 특성으로, 암호화폐 생태계의 중요 요소입니다."
이더리움전송탈중앙화,"이더리움의 전송 시 탈중앙화 특성으로, 암호화폐 생태계의 중요 요소입니다."
이더리움예치수수료,"이더리움의 예치 시 수수료 특성으로, 암호화폐 생태계의 중요 요소입니다."
이더리움예치속도,"이더리움의 예치 시 속도 특성으로, 암호화폐 생태계의 중요 요소입니다."
이더리움예치보안,"이더리움의 예치 시 보안 특성으로, 암호화폐 생태계의 중요 요소입니다."
이더리움예치확장성,"이더리움의 예치 시 확장성 특성으로, 암호화폐 생태계의 중요 요소입니다."
이더리움예치탈중앙화,"이더리움의 예치 시 탈중앙화 특성으로, 암호화폐 생태계의 중요 요소입니다."
이더리움스테이킹수수료,"이더리움의 스테이킹 시 수수료 특성으로, 암호화폐 생태계의 중요 요소입니다."
이더리움스테이킹속도,"이더리움의 스테이킹 시 속도 특성으로, 암호화폐 생태계의 중요 요소입니다."
이더리움스테이킹보안,"이더리움의 스테이킹 시 보안 특성으로, 암호화폐 생태계의 중요 요소입니다."
이더리움스테이킹확장성,"이더리움의 스테이킹 시 확장성 특성으로, 암호화폐 생태계의 중요 요소입니다."
이더리움스테이킹탈중앙화,"이더리움의 스테이킹 시 탈중앙화 특성으로, 암호화폐 생태계의 중요 요소입니다."
리플거래수수료,"리플의 거래 시 수수료 특성으로, 암호화폐 생태계의 중요 요소입니다."
리플거래속도,"리플의 거래 시 속도 특성으로, 암호화폐 생태계의 중요 요소입니다."
리플거래보안,"리플의 거래 시 보안 특성으로, 암호화폐 생태계의 중요 요소입니다."
리플거래확장성,"리플의 거래 시 확장성 특성으로, 암호화폐 생태계의 중요 요소입니다."
리플거래탈중앙화,"리플의 거래 시 탈중앙화 특성으로, 암호화폐 생태계의 중요 요소입니다."
리플전송수수료,"리플의 전송 시 수수료 특성으로, 암호화폐 생태계의 중요 요소입니다."
리플전송속도,"리플의 전송 시 속도 특성으로, 암호화폐 생태계의 중요 요소입니다."
리플전송보안,"리플의 전송 시 보안 특성으로, 암호화폐 생태계의 중요 요소입니다."
리플전송확장성,"리플의 전송 시 확장성 특성으로, 암호화폐 생태계의 중요 요소입니다."
리플전송탈중앙화,"리플의 전송 시 탈중앙화 특성으로, 암호화폐 생태계의 중요 요소입니다."
리플예치수수료,"리플의 예치 시 수수료 특성으로, 암호화폐 생태계의 중요 요소입니다."
리플예치속도,"리플의 예치 시 속도 특성으로, 암호화폐 생태계의 중요 요소입니다."
리플예치보안,"리플의 예치 시 보안 특성으로, 암호화폐 생태계의 중요 요소입니다."
리플예치확장성,"리플의 예치 시 확장성 특성으로, 암호화폐 생태계의 중요 요소입니다."
리플예치탈중앙화,"리플의 예치 시 탈중앙화 특성으로, 암호화폐 생태계의 중요 요소입니다."
리플스테이킹수수료,"리플의 스테이킹 시 수수료 특성으로, 암호화폐 생태계의 중요 요소입니다."
리플스테이킹속도,"리플의 스테이킹 시 속도 특성으로, 암호화폐 생태계의 중요 요소입니다."
리플스테이킹보안,"리플의 스테이킹 시 보안 특성으로, 암호화폐 생태계의 중요 요소입니다."
리플스테이킹확장성,"리플의 스테이킹 시 확장성 특성으로, 암호화폐 생태계의 중요 요소입니다."
리플스테이킹탈중앙화,"리플의 스테이킹 시 탈중앙화 특성으로, 암호화폐 생태계의 중요 요소입니다."
라이트코인거래수수료,"라이트코인의 거래 시 수수료 특성으로, 암호화폐 생태계의 중요 요소입니다."
라이트코인거래속도,"라이트코인의 거래 시 속도 특성으로, 암호화폐 생태계의 중요 요소입니다."
라이트코인거래보안,"라이트코인의 거래 시 보안 특성으로, 암호화폐 생태계의 중요 요소입니다."
라이트코인거래확장성,"라이트코인의 거래 시 확장성 특성으로, 암호화폐 생태계의 중요 요소입니다."
라이트코인거래탈중앙화,"라이트코인의 거래 시 탈중앙화 특성으로, 암호화폐 생태계의 중요 요소입니다."
라이트코인전송수수료,"라이트코인의 전송 시 수수료 특성으로, 암호화폐 생태계의 중요 요소입니다."
라이트코인전송속도,"라이트코인의 전송 시 속도 특성으로, 암호화폐 생태계의 중요 요소입니다."
라이트코인전송보안,"라이트코인의 전송 시 보안 특성으로, 암호화폐 생태계의 중요 요소입니다."
라이트코인전송확장성,"라이트코인의 전송 시 확장성 특성으로, 암호화폐 생태계의 중요 요소입니다."
라이트코인전송탈중앙화,"라이트코인의 전송 시 탈중앙화 특성으로, 암호화폐 생태계의 중요 요소입니다."
라이트코인예치수수료,"라이트코인의 예치 시 수수료 특성으로, 암호화폐 생태계의 중요 요소입니다."
라이트코인예치속도,"라이트코인의 예치 시 속도 특성으로, 암호화폐 생태계의 중요 요소입니다."
라이트코인예치보안,"라이트코인의 예치 시 보안 특성으로, 암호화폐 생태계의 중요 요소입니다."
라이트코인예치확장성,"라이트코인의 예치 시 확장성 특성으로, 암호화폐 생태계의 중요 요소입니다."
라이트코인예치탈중앙화,"라이트코인의 예치 시 탈중앙화 특성으로, 암호화폐 생태계의 중요 요소입니다."
라이트코인스테이킹수수료,"라이트코인의 스테이킹 시 수수료 특성으로, 암호화폐 생태계의 중요 요소입니다."
라이트코인스테이킹속도,"라이트코인의 스테이킹 시 속도 특성으로, 암호화폐 생태계의 중요 요소입니다."
라이트코인스테이킹보안,"라이트코인의 스테이킹 시 보안 특성으로, 암호화폐 생태계의 중요 요소입니다."
라이트코인스테이킹확장성,"라이트코인의 스테이킹 시 확장성 특성으로, 암호화폐 생태계의 중요 요소입니다."
라이트코인스테이킹탈중앙화,"라이트코인의 스테이킹 시 탈중앙화 특성으로, 암호화폐 생태계의 중요 요소입니다."
이오스거래수수료,"이오스의 거래 시 수수료 특성으로, 암호화폐 생태계의 중요 요소입니다."
이오스거래속도,"이오스의 거래 시 속도 특성으로, 암호화폐 생태계의 중요 요소입니다."
이오스거래보안,"이오스의 거래 시 보안 특성으로, 암호화폐 생태계의 중요 요소입니다."
이오스거래확장성,"이오스의 거래 시 확장성 특성으로, 암호화폐 생태계의 중요 요소입니다."
이오스거래탈중앙화,"이오스의 거래 시 탈중앙화 특성으로, 암호화폐 생태계의 중요 요소입니다."
이오스전송수수료,"이오스의 전송 시 수수료 특성으로, 암호화폐 생태계의 중요 요소입니다."
이오스전송속도,"이오스의 전송 시 속도 특성으로, 암호화폐 생태계의 중요 요소입니다."
이오스전송보안,"이오스의 전송 시 보안 특성으로, 암호화폐 생태계의 중요 요소입니다."
이오스전송확장성,"이오스의 전송 시 확장성 특성으로, 암호화폐 생태계의 중요 요소입니다."
이오스전송탈중앙화,"이오스의 전송 시 탈중앙화 특성으로, 암호화폐 생태계의 중요 요소입니다."
이오스예치수수료,"이오스의 예치 시 수수료 특성으로, 암호화폐 생태계의 중요 요소입니다."
이오스예치속도,"이오스의 예치 시 속도 특성으로, 암호화폐 생태계의 중요 요소입니다."
이오스예치보안,"이오스의 예치 시 보안 특성으로, 암호화폐 생태계의 중요 요소입니다."
이오스예치확장성,"이오스의 예치 시 확장성 특성으로, 암호화폐 생태계의 중요 요소입니다."
이오스예치탈중앙화,"이오스의 예치 시 탈중앙화 특성으로, 암호화폐 생태계의 중요 요소입니다."
이오스스테이킹수수료,"이오스의 스테이킹 시 수수료 특성으로, 암호화폐 생태계의 중요 요소입니다."
이오스스테이킹속도,"이오스의 스테이킹 시 속도 특성으로, 암호화폐 생태계의 중요 요소입니다."
이오스스테이킹보안,"이오스의 스테이킹 시 보안 특성으로, 암호화폐 생태계의 중요 요소입니다."
이오스스테이킹확장성,"이오스의 스테이킹 시 확장성 특성으로, 암호화폐 생태계의 중요 요소입니다."
이오스스테이킹탈중앙화,"이오스의 스테이킹 시 탈중앙화 특성으로, 암호화폐 생태계의 중요 요소입니다."
단기생명보험보험료,"단기 생명보험의 보험료로, 보험 계약의 중요 조건입니다."
중기생명보험보험료,"중기 생명보험의 보험료로, 보험 계약의 중요 조건입니다."
장기생명보험보험료,"장기 생명보험의 보험료로, 보험 계약의 중요 조건입니다."
단기생명보험보험금,"단기 생명보험의 보험금로, 보험 계약의 중요 조건입니다."
중기생명보험보험금,"중기 생명보험의 보험금로, 보험 계약의 중요 조건입니다."
장기생명보험보험금,"장기 생명보험의 보험금로, 보험 계약의 중요 조건입니다."
단기생명보험보장내용,"단기 생명보험의 보장내용로, 보험 계약의 중요 조건입니다."
중기생명보험보장내용,"중기 생명보험의 보장내용로, 보험 계약의 중요 조건입니다."
장기생명보험보장내용,"장기 생명보험의 보장내용로, 보험 계약의 중요 조건입니다."
단기생명보험특약,"단기 생명보험의 특약로, 보험 계약의 중요 조건입니다."
중기생명보험특약,"중기 생명보험의 특약로, 보험 계약의 중요 조건입니다."
장기생명보험특약,"장기 생명보험의 특약로, 보험 계약의 중요 조건입니다."
단기생명보험면책조항,"단기 생명보험의 면책조항로, 보험 계약의 중요 조건입니다."
중기생명보험면책조항,"중기 생명보험의 면책조항로, 보험 계약의 중요 조건입니다."
장기생명보험면책조항,"장기 생명보험의 면책조항로, 보험 계약의 중요 조건입니다."
단기손해보험보험료,"단기 손해보험의 보험료로, 보험 계약의 중요 조건입니다."
중기손해보험보험료,"중기 손해보험의 보험료로, 보험 계약의 중요 조건입니다."
장기손해보험보험료,"장기 손해보험의 보험료로, 보험 계약의 중요 조건입니다."
단기손해보험보험금,"단기 손해보험의 보험금로, 보험 계약의 중요 조건입니다."
중기손해보험보험금,"중기 손해보험의 보험금로, 보험 계약의 중요 조건입니다."
장기손해보험보험금,"장기 손해보험의 보험금로, 보험 계약의 중요 조건입니다."
단기손해보험보장내용,"단기 손해보험의 보장내용로, 보험 계약의 중요 조건입니다."
중기손해보험보장내용,"중기 손해보험의 보장내용로, 보험 계약의 중요 조건입니다."
장기손해보험보장내용,"장기 손해보험의 보장내용로, 보험 계약의 중요 조건입니다."
단기손해보험특약,"단기 손해보험의 특약로, 보험 계약의 중요 조건입니다."
중기손해보험특약,"중기 손해보험의 특약로, 보험 계약의 중요 조건입니다."
장기손해보험특약,"장기 손해보험의 특약로, 보험 계약의 중요 조건입니다."
단기손해보험면책조항,"단기 손해보험의 면책조항로, 보험 계약의 중요 조건입니다."
중기손해보험면책조항,"중기 손해보험의 면책조항로, 보험 계약의 중요 조건입니다."
장기손해보험면책조항,"장기 손해보험의 면책조항로, 보험 계약의 중요 조건입니다."
단기건강보험보험료,"단기 건강보험의 보험료로, 보험 계약의 중요 조건입니다."
중기건강보험보험료,"중기 건강보험의 보험료로, 보험 계약의 중요 조건입니다."
장기건강보험보험료,"장기 건강보험의 보험료로, 보험 계약의 중요 조건입니다."
단기건강보험보험금,"단기 건강보험의 보험금로, 보험 계약의 중요 조건입니다."
중기건강보험보험금,"중기 건강보험의 보험금로, 보험 계약의 중요 조건입니다."
장기건강보험보험금,"장기 건강보험의 보험금로, 보험 계약의 중요 조건입니다."
단기건강보험보장내용,"단기 건강보험의 보장내용로, 보험 계약의 중요 조건입니다."
중기건강보험보장내용,"중기 건강보험의 보장내용로, 보험 계약의 중요 조건입니다."
장기건강보험보장내용,"장기 건강보험의 보장내용로, 보험 계약의 중요 조건입니다."
단기건강보험특약,"단기 건강보험의 특약로, 보험 계약의 중요 조건입니다."
중기건강보험특약,"중기 건강보험의 특약로, 보험 계약의 중요 조건입니다."
장기건강보험특약,"장기 건강보험의 특약로, 보험 계약의 중요 조건입니다."
단기건강보험면책조항,"단기 건강보험의 면책조항로, 보험 계약의 중요 조건입니다."
중기건강보험면책조항,"중기 건강보험의 면책조항로, 보험 계약의 중요 조건입니다."
장기건강보험면책조항,"장기 건강보험의 면책조항로, 보험 계약의 중요 조건입니다."
단기연금보험보험료,"단기 연금보험의 보험료로, 보험 계약의 중요 조건입니다."
중기연금보험보험료,"중기 연금보험의 보험료로, 보험 계약의 중요 조건입니다."
장기연금보험보험료,"장기 연금보험의 보험료로, 보험 계약의 중요 조건입니다."
단기연금보험보험금,"단기 연금보험의 보험금로, 보험 계약의 중요 조건입니다."
중기연금보험보험금,"중기 연금보험의 보험금로, 보험 계약의 중요 조건입니다."
장기연금보험보험금,"장기 연금보험의 보험금로, 보험 계약의 중요 조건입니다."
단기연금보험보장내용,"단기 연금보험의 보장내용로, 보험 계약의 중요 조건입니다."
중기연금보험보장내용,"중기 연금보험의 보장내용로, 보험 계약의 중요 조건입니다."
장기연금보험보장내용,"장기 연금보험의 보장내용로, 보험 계약의 중요 조건입니다."
단기연금보험특약,"단기 연금보험의 특약로, 보험 계약의 중요 조건입니다."
중기연금보험특약,"중기 연금보험의 특약로, 보험 계약의 중요 조건입니다."
장기연금보험특약,"장기 연금보험의 특약로, 보험 계약의 중요 조건입니다."
단기연금보험면책조항,"단기 연금보험의 면책조항로, 보험 계약의 중요 조건입니다."
중기연금보험면책조항,"중기 연금보험의 면책조항로, 보험 계약의 중요 조건입니다."
장기연금보험면책조항,"장기 연금보험의 면책조항로, 보험 계약의 중요 조건입니다."
단기저축보험보험료,"단기 저축보험의 보험료로, 보험 계약의 중요 조건입니다."
중기저축보험보험료,"중기 저축보험의 보험료로, 보험 계약의 중요 조건입니다."
장기저축보험보험료,"장기 저축보험의 보험료로, 보험 계약의 중요 조건입니다."
단기저축보험보험금,"단기 저축보험의 보험금로, 보험 계약의 중요 조건입니다."
중기저축보험보험금,"중기 저축보험의 보험금로, 보험 계약의 중요 조건입니다."
장기저축보험보험금,"장기 저축보험의 보험금로, 보험 계약의 중요 조건입니다."
단기저축보험보장내용,"단기 저축보험의 보장내용로, 보험 계약의 중요 조건입니다."
중기저축보험보장내용,"중기 저축보험의 보장내용로, 보험 계약의 중요 조건입니다."
장기저축보험보장내용,"장기 저축보험의 보장내용로, 보험 계약의 중요 조건입니다."
단기저축보험특약,"단기 저축보험의 특약로, 보험 계약의 중요 조건입니다."
중기저축보험특약,"중기 저축보험의 특약로, 보험 계약의 중요 조건입니다."
장기저축보험특약,"장기 저축보험의 특약로, 보험 계약의 중요 조건입니다."
단기저축보험면책조항,"단기 저축보험의 면책조항로, 보험 계약의 중요 조건입니다."
중기저축보험면책조항,"중기 저축보험의 면책조항로, 보험 계약의 중요 조건입니다."
장기저축보험면책조항,"장기 저축보험의 면책조항로, 보험 계약의 중요 조건입니다."
